"","Country area or territory","Surveillance site type","Year-week (ISO 8601 calendar)","Week start date (ISO 8601 calendar)","Specimen tested","Influenza positive","Influenza negative","A (H1)","A (H1N1)pdm09","A (H3)","A not subtyped","B (Victoria)","B (Yamagata)","B (lineage not determined)"
"1","India","Non-sentinel","2021-32",2021-08-09,2767,382,2385,NA,34,339,NA,9,NA,NA
"2","India","Non-sentinel","2021-33",2021-08-16,3436,476,2960,NA,31,429,NA,16,NA,NA
"3","India","Non-sentinel","2021-34",2021-08-23,2154,371,1783,NA,21,326,NA,24,NA,NA
"4","India","Non-sentinel","2021-35",2021-08-30,2438,373,2065,NA,18,288,NA,67,NA,NA
"5","India","Non-sentinel","2021-36",2021-09-06,2492,335,2157,NA,4,180,NA,144,NA,7
"6","India","Non-sentinel","2021-37",2021-09-13,1991,233,1758,NA,11,88,NA,117,NA,17
"7","India","Non-sentinel","2021-38",2021-09-20,3088,321,2767,NA,5,96,NA,204,NA,16
"8","India","Non-sentinel","2021-39",2021-09-27,2752,335,2417,NA,3,67,NA,263,NA,2
"9","India","Non-sentinel","2021-40",2021-10-04,2509,255,2254,NA,4,24,NA,208,NA,19
"10","India","Non-sentinel","2021-41",2021-10-11,2005,197,1808,NA,2,19,NA,166,NA,10
"11","India","Non-sentinel","2021-42",2021-10-18,2194,165,2029,NA,NA,6,NA,139,NA,20
"12","India","Non-sentinel","2021-43",2021-10-25,2020,114,1906,NA,NA,4,NA,98,NA,12
"13","India","Non-sentinel","2021-44",2021-11-01,1631,47,1584,NA,NA,1,NA,40,NA,6
"14","India","Non-sentinel","2021-45",2021-11-08,903,14,889,NA,NA,NA,NA,11,NA,3
"15","India","Non-sentinel","2021-46",2021-11-15,1830,28,1802,NA,NA,NA,NA,18,NA,10
"16","India","Non-sentinel","2021-47",2021-11-22,1144,16,1128,NA,1,1,NA,3,NA,11
"17","India","Non-sentinel","2021-48",2021-11-29,987,10,977,NA,1,NA,NA,8,NA,1
"18","India","Non-sentinel","2021-49",2021-12-06,1577,19,1558,NA,3,3,NA,2,NA,11
"19","India","Non-sentinel","2021-50",2021-12-13,837,2,835,NA,NA,NA,NA,2,NA,NA
"20","India","Non-sentinel","2021-51",2021-12-20,2404,4,2400,NA,NA,1,NA,NA,NA,3
"21","India","Non-sentinel","2021-52",2021-12-27,1973,4,1969,NA,NA,3,NA,NA,NA,1
"22","India","Non-sentinel","2022-01",2022-01-03,1704,5,1699,NA,NA,NA,NA,NA,NA,5
"23","India","Non-sentinel","2022-02",2022-01-10,3258,6,3252,NA,NA,NA,NA,3,NA,3
"24","India","Non-sentinel","2022-03",2022-01-17,3155,1,3154,NA,NA,NA,NA,1,NA,NA
"25","India","Non-sentinel","2022-11",2022-03-14,244,52,192,NA,NA,32,NA,20,NA,NA
"26","India","Non-sentinel","2022-12",2022-03-21,174,24,150,NA,NA,13,NA,11,NA,NA
"27","India","Non-sentinel","2022-13",2022-03-28,398,46,352,NA,3,17,NA,26,NA,NA
"28","India","Non-sentinel","2022-14",2022-04-04,167,21,146,NA,NA,3,NA,18,NA,NA
"29","India","Non-sentinel","2022-18",2022-05-02,198,1,197,NA,1,NA,NA,NA,NA,NA
"30","India","Non-sentinel","2022-24",2022-06-13,210,1,209,NA,1,NA,NA,NA,NA,NA
"31","India","Non-sentinel","2022-26",2022-06-27,176,2,174,NA,2,NA,NA,NA,NA,NA
"32","India","Non-sentinel","2022-27",2022-07-04,293,8,285,NA,8,NA,NA,NA,NA,NA
"33","India","Non-sentinel","2022-28",2022-07-11,220,11,209,NA,10,1,NA,NA,NA,NA
"34","India","Non-sentinel","2022-29",2022-07-18,249,48,201,NA,48,NA,NA,NA,NA,NA
"35","India","Non-sentinel","2022-30",2022-07-25,353,57,296,NA,53,4,NA,NA,NA,NA
"36","India","Non-sentinel","2022-31",2022-08-01,312,66,246,NA,64,2,NA,NA,NA,NA
"37","India","Non-sentinel","2022-32",2022-08-08,328,98,230,NA,96,1,NA,NA,NA,1
"38","India","Non-sentinel","2022-33",2022-08-15,293,77,216,NA,72,5,NA,NA,NA,NA
"39","India","Non-sentinel","2022-34",2022-08-22,228,50,178,NA,47,3,NA,NA,NA,NA
"40","India","Non-sentinel","2022-35",2022-08-29,230,43,187,NA,41,2,NA,NA,NA,NA
"41","India","Non-sentinel","2022-36",2022-09-05,178,19,159,NA,17,2,NA,NA,NA,NA
"42","India","Non-sentinel","2022-37",2022-09-12,178,13,165,NA,9,4,NA,NA,NA,NA
"43","India","Non-sentinel","2022-38",2022-09-19,231,18,213,NA,12,6,NA,NA,NA,NA
"44","India","Non-sentinel","2022-39",2022-09-26,224,20,204,NA,13,7,NA,NA,NA,NA
"45","India","Non-sentinel","2022-40",2022-10-03,171,5,166,NA,2,3,NA,NA,NA,NA
"46","India","Non-sentinel","2022-41",2022-10-10,150,6,144,NA,3,3,NA,NA,NA,NA
"47","India","Non-sentinel","2022-42",2022-10-17,152,7,145,NA,NA,7,NA,NA,NA,NA
"48","India","Non-sentinel","2022-43",2022-10-24,135,9,126,NA,2,7,NA,NA,NA,NA
"49","India","Non-sentinel","2022-44",2022-10-31,91,1,90,NA,1,NA,NA,NA,NA,NA
"50","India","Non-sentinel","2022-45",2022-11-07,136,6,130,NA,NA,6,NA,NA,NA,NA
"51","India","Non-sentinel","2022-46",2022-11-14,119,1,118,NA,NA,1,NA,NA,NA,NA
"52","India","Non-sentinel","2022-47",2022-11-21,113,2,111,NA,NA,2,NA,NA,NA,NA
"53","India","Non-sentinel","2022-48",2022-11-28,151,4,147,NA,NA,4,NA,NA,NA,NA
"54","India","Non-sentinel","2022-49",2022-12-05,128,5,123,NA,NA,3,NA,2,NA,NA
"55","India","Non-sentinel","2022-50",2022-12-12,85,2,83,NA,NA,2,NA,NA,NA,NA
"56","India","Non-sentinel","2022-51",2022-12-19,57,5,52,NA,NA,4,NA,1,NA,NA
"57","India","Non-sentinel","2022-52",2022-12-26,109,19,90,NA,NA,18,NA,1,NA,NA
"58","India","Non-sentinel","2023-01",2023-01-02,221,21,200,NA,NA,19,NA,2,NA,NA
"59","India","Non-sentinel","2023-02",2023-01-09,154,18,136,NA,NA,18,NA,NA,NA,NA
"60","India","Non-sentinel","2023-03",2023-01-16,39,2,37,NA,NA,2,NA,NA,NA,NA
"61","India","Non-sentinel","2023-04",2023-01-23,139,14,125,NA,4,10,NA,NA,NA,NA
"62","India","Non-sentinel","2023-05",2023-01-30,130,17,113,NA,NA,17,NA,NA,NA,NA
"63","India","Non-sentinel","2023-06",2023-02-06,135,22,113,NA,NA,21,NA,1,NA,NA
"64","India","Non-sentinel","2023-07",2023-02-13,126,20,106,NA,NA,19,NA,1,NA,NA
"65","India","Non-sentinel","2023-08",2023-02-20,192,50,142,NA,NA,45,NA,5,NA,NA
"66","India","Non-sentinel","2023-09",2023-02-27,147,49,98,NA,NA,40,NA,9,NA,NA
"67","India","Non-sentinel","2023-10",2023-03-06,183,47,136,NA,NA,31,NA,16,NA,NA
"68","India","Non-sentinel","2023-11",2023-03-13,251,54,197,NA,NA,32,NA,22,NA,NA
"69","India","Non-sentinel","2023-12",2023-03-20,180,25,155,NA,1,13,NA,11,NA,NA
"70","India","Non-sentinel","2023-13",2023-03-27,190,32,158,NA,2,11,NA,19,NA,NA
"71","India","Non-sentinel","2023-14",2023-04-03,167,21,146,NA,NA,3,NA,18,NA,NA
"72","India","Non-sentinel","2023-15",2023-04-10,144,16,128,NA,NA,3,NA,13,NA,NA
"73","India","Non-sentinel","2023-16",2023-04-17,148,9,139,NA,NA,1,NA,8,NA,NA
"74","India","Non-sentinel","2023-17",2023-04-24,143,10,133,NA,2,1,NA,7,NA,NA
"75","India","Non-sentinel","2023-18",2023-05-01,123,7,116,NA,1,1,NA,5,NA,NA
"76","India","Non-sentinel","2023-19",2023-05-08,151,12,139,NA,10,NA,NA,2,NA,NA
"77","India","Non-sentinel","2023-20",2023-05-15,155,10,145,NA,5,2,NA,3,NA,NA
"78","India","Non-sentinel","2023-21",2023-05-22,133,11,122,NA,10,NA,NA,1,NA,NA
"79","India","Non-sentinel","2023-22",2023-05-29,155,27,128,NA,24,NA,NA,3,NA,NA
"80","India","Non-sentinel","2023-23",2023-06-05,207,24,183,NA,24,NA,NA,NA,NA,NA
"81","India","Non-sentinel","2023-24",2023-06-12,254,36,218,NA,31,3,NA,2,NA,NA
"82","India","Non-sentinel","2023-25",2023-06-19,61,3,58,NA,NA,NA,NA,3,NA,NA
"83","India","Non-sentinel","2023-26",2023-06-26,165,36,129,NA,33,2,NA,NA,NA,1
"84","India","Non-sentinel","2023-27",2023-07-03,202,32,170,NA,28,NA,NA,4,NA,NA
"85","India","Non-sentinel","2023-28",2023-07-10,143,21,122,NA,19,NA,NA,1,NA,1
"86","India","Non-sentinel","2023-29",2023-07-17,167,17,150,NA,14,NA,NA,3,NA,NA
"87","India","Non-sentinel","2023-30",2023-07-24,38,4,34,NA,NA,2,NA,2,NA,NA
"88","India","Non-sentinel","2023-31",2023-07-31,52,12,40,NA,NA,7,NA,5,NA,NA
"89","India","Non-sentinel","2023-32",2023-08-07,123,27,96,NA,12,10,NA,4,NA,1
"90","India","Non-sentinel","2023-33",2023-08-14,131,23,108,NA,8,5,NA,9,NA,1
"91","India","Non-sentinel","2023-34",2023-08-21,145,38,107,NA,10,16,NA,12,NA,NA
"92","India","Non-sentinel","2023-35",2023-08-28,174,41,133,NA,6,21,NA,13,NA,1
"93","India","Non-sentinel","2023-36",2023-09-04,162,44,118,NA,8,14,NA,22,NA,NA
"94","India","Non-sentinel","2023-38",2023-09-18,199,53,146,NA,15,23,NA,15,NA,NA
"95","India","Non-sentinel","2023-39",2023-09-25,169,45,124,NA,7,13,NA,22,NA,3
"96","India","Non-sentinel","2023-40",2023-10-02,158,49,109,NA,13,19,NA,14,NA,3
"97","India","Non-sentinel","2023-41",2023-10-09,150,46,104,NA,12,17,NA,15,NA,2
"98","India","Non-sentinel","2023-42",2023-10-16,155,43,112,NA,17,11,NA,13,NA,2
"99","India","Non-sentinel","2023-43",2023-10-23,139,23,116,NA,11,4,NA,4,NA,4
"100","India","Non-sentinel","2023-44",2023-10-30,147,32,115,NA,14,11,NA,5,NA,2
"101","India","Non-sentinel","2023-45",2023-11-06,104,18,86,NA,12,3,NA,3,NA,NA
"102","India","Non-sentinel","2023-46",2023-11-13,45,12,33,NA,10,1,NA,1,NA,NA
"103","India","Non-sentinel","2023-47",2023-11-20,132,17,115,NA,9,1,NA,4,NA,3
"104","India","Non-sentinel","2023-48",2023-11-27,116,13,103,NA,5,1,NA,7,NA,NA
"105","India","Non-sentinel","2023-49",2023-12-04,162,30,132,NA,9,8,NA,2,NA,11
"106","India","Non-sentinel","2023-50",2023-12-11,149,19,130,NA,8,5,NA,6,NA,NA
"107","India","Non-sentinel","2023-51",2023-12-18,200,30,170,NA,14,6,NA,10,NA,NA
"108","India","Non-sentinel","2023-52",2023-12-25,200,19,181,NA,7,4,NA,NA,NA,8
"109","India","Non-sentinel","2024-01",2024-01-01,135,3,132,NA,2,NA,NA,1,NA,NA
"110","India","Non-sentinel","2024-02",2024-01-08,159,5,154,NA,2,NA,NA,NA,NA,3
"111","India","Non-sentinel","2024-03",2024-01-15,229,9,220,NA,5,1,NA,NA,NA,3
"112","India","Non-sentinel","2024-04",2024-01-22,33,3,30,NA,NA,NA,NA,NA,NA,3
"113","India","Non-sentinel","2024-05",2024-01-29,188,14,174,NA,13,NA,NA,NA,NA,1
"114","India","Non-sentinel","2024-06",2024-02-05,130,9,121,NA,7,NA,NA,NA,NA,2
"115","India","Non-sentinel","2024-07",2024-02-12,134,15,119,NA,12,2,NA,NA,NA,1
"116","India","Non-sentinel","2024-08",2024-02-19,128,15,113,NA,9,6,NA,NA,NA,NA
"117","India","Non-sentinel","2024-10",2024-03-04,126,19,107,NA,17,1,NA,1,NA,NA
"118","India","Non-sentinel","2024-11",2024-03-11,160,20,140,NA,18,2,NA,NA,NA,NA
"119","India","Non-sentinel","2024-12",2024-03-18,119,21,98,NA,21,NA,NA,NA,NA,NA
"120","India","Non-sentinel","2024-13",2024-03-25,103,17,86,NA,17,NA,NA,NA,NA,NA
"121","India","Non-sentinel","2024-14",2024-04-01,128,18,110,NA,18,NA,NA,NA,NA,NA
"122","India","Non-sentinel","2024-15",2024-04-08,67,6,61,NA,6,NA,NA,NA,NA,NA
"123","India","Non-sentinel","2024-16",2024-04-15,106,20,86,NA,16,3,NA,NA,NA,1
"124","India","Non-sentinel","2024-17",2024-04-22,144,21,123,NA,19,NA,NA,1,NA,1
"125","India","Non-sentinel","2024-18",2024-04-29,61,12,49,NA,12,NA,NA,NA,NA,NA
"126","India","Non-sentinel","2024-19",2024-05-06,74,13,61,NA,13,NA,NA,NA,NA,NA
"127","India","Non-sentinel","2024-20",2024-05-13,101,11,90,NA,11,NA,NA,NA,NA,NA
"128","India","Non-sentinel","2024-21",2024-05-20,88,12,76,NA,12,NA,NA,NA,NA,NA
"129","India","Non-sentinel","2024-22",2024-05-27,100,17,83,NA,15,NA,NA,2,NA,NA
"130","India","Non-sentinel","2024-23",2024-06-03,110,9,101,NA,9,NA,NA,NA,NA,NA
"131","India","Non-sentinel","2024-24",2024-06-10,50,5,45,NA,4,1,NA,NA,NA,NA
"132","India","Non-sentinel","2024-25",2024-06-17,64,5,59,NA,5,NA,NA,NA,NA,NA
"133","India","Non-sentinel","2024-26",2024-06-24,74,4,70,NA,4,NA,NA,NA,NA,NA
"134","India","Non-sentinel","2024-27",2024-07-01,172,41,131,NA,39,1,NA,NA,NA,1
"135","India","Non-sentinel","2024-28",2024-07-08,102,28,74,NA,27,1,NA,NA,NA,NA
"136","India","Non-sentinel","2024-29",2024-07-15,227,80,147,NA,77,2,NA,NA,NA,1
"137","India","Non-sentinel","2024-30",2024-07-22,332,77,255,NA,73,3,NA,NA,NA,1
"138","India","Non-sentinel","2024-31",2024-07-29,189,66,123,NA,60,6,NA,NA,NA,NA
"139","India","Non-sentinel","2024-32",2024-08-05,195,73,122,NA,67,5,NA,1,NA,NA
"140","India","Non-sentinel","2024-33",2024-08-12,200,60,140,NA,45,7,NA,8,NA,NA
"141","India","Non-sentinel","2024-34",2024-08-19,190,41,149,NA,36,4,NA,NA,NA,1
"142","India","Non-sentinel","2024-35",2024-08-26,103,17,86,NA,15,2,NA,NA,NA,NA
"143","India","Non-sentinel","2024-36",2024-09-02,49,8,41,NA,6,2,NA,NA,NA,NA
"144","India","Non-sentinel","2024-37",2024-09-09,66,13,53,NA,8,5,NA,NA,NA,NA
"145","India","Not defined","1998-31",1998-07-27,1,1,0,NA,NA,1,NA,NA,NA,NA
"146","India","Not defined","1999-38",1999-09-20,0,0,0,NA,NA,NA,0,NA,NA,0
"147","India","Not defined","1999-39",1999-09-27,0,0,0,NA,NA,NA,0,NA,NA,0
"148","India","Not defined","1999-40",1999-10-04,0,0,0,NA,NA,NA,0,NA,NA,0
"149","India","Not defined","1999-41",1999-10-11,0,0,0,NA,NA,NA,0,NA,NA,0
"150","India","Not defined","1999-42",1999-10-18,0,0,0,NA,NA,NA,0,NA,NA,0
"151","India","Not defined","1999-43",1999-10-25,0,0,0,NA,NA,NA,0,NA,NA,0
"152","India","Not defined","1999-44",1999-11-01,0,0,0,NA,NA,NA,0,NA,NA,0
"153","India","Not defined","1999-45",1999-11-08,0,0,0,NA,NA,NA,0,NA,NA,0
"154","India","Not defined","1999-46",1999-11-15,0,0,0,NA,NA,NA,0,NA,NA,0
"155","India","Not defined","1999-47",1999-11-22,0,0,0,0,NA,0,0,NA,NA,0
"156","India","Not defined","1999-48",1999-11-29,0,0,0,0,NA,0,0,NA,NA,0
"157","India","Not defined","1999-49",1999-12-06,0,0,0,0,NA,0,0,NA,NA,0
"158","India","Not defined","1999-50",1999-12-13,0,0,0,0,NA,0,0,NA,NA,0
"159","India","Not defined","1999-52",1999-12-27,2,0,2,0,NA,0,0,NA,NA,0
"160","India","Not defined","2000-02",2000-01-10,0,0,0,0,NA,0,0,NA,NA,0
"161","India","Not defined","2000-03",2000-01-17,7,0,7,0,NA,0,0,NA,NA,0
"162","India","Not defined","2000-04",2000-01-24,10,0,10,0,NA,0,0,NA,NA,0
"163","India","Not defined","2000-05",2000-01-31,9,0,9,0,NA,0,0,NA,NA,0
"164","India","Not defined","2000-06",2000-02-07,4,0,4,0,NA,0,0,NA,NA,0
"165","India","Not defined","2000-07",2000-02-14,6,0,6,0,NA,0,0,NA,NA,0
"166","India","Not defined","2000-08",2000-02-21,3,0,3,0,NA,0,0,NA,NA,0
"167","India","Not defined","2000-09",2000-02-28,2,0,2,0,NA,0,0,NA,NA,0
"168","India","Not defined","2000-10",2000-03-06,3,0,3,0,NA,0,0,NA,NA,0
"169","India","Not defined","2000-11",2000-03-13,0,0,0,0,NA,0,0,NA,NA,0
"170","India","Not defined","2000-12",2000-03-20,0,0,0,0,NA,0,0,NA,NA,0
"171","India","Not defined","2000-13",2000-03-27,0,0,0,0,NA,0,0,NA,NA,0
"172","India","Not defined","2000-14",2000-04-03,1,0,1,0,NA,0,0,NA,NA,0
"173","India","Not defined","2000-15",2000-04-10,1,0,1,0,NA,0,0,NA,NA,0
"174","India","Not defined","2000-16",2000-04-17,0,0,0,0,NA,0,0,NA,NA,0
"175","India","Not defined","2000-17",2000-04-24,0,0,0,0,NA,0,0,NA,NA,0
"176","India","Not defined","2000-18",2000-05-01,4,0,4,0,NA,0,0,NA,NA,0
"177","India","Not defined","2000-19",2000-05-08,3,0,3,0,NA,0,0,NA,NA,0
"178","India","Not defined","2000-20",2000-05-15,3,0,3,0,NA,0,0,NA,NA,0
"179","India","Not defined","2000-21",2000-05-22,5,0,5,0,NA,0,0,NA,NA,0
"180","India","Not defined","2000-22",2000-05-29,1,0,1,0,NA,0,0,NA,NA,0
"181","India","Not defined","2000-23",2000-06-05,10,2,8,0,NA,2,0,NA,NA,0
"182","India","Not defined","2000-24",2000-06-12,15,1,14,0,NA,1,0,NA,NA,0
"183","India","Not defined","2000-25",2000-06-19,32,2,30,0,NA,2,0,NA,NA,0
"184","India","Not defined","2000-26",2000-06-26,20,3,17,1,NA,2,0,NA,NA,0
"185","India","Not defined","2000-27",2000-07-03,21,2,19,0,NA,1,0,NA,NA,1
"186","India","Not defined","2000-28",2000-07-10,8,2,6,1,NA,0,1,NA,NA,0
"187","India","Not defined","2000-29",2000-07-17,17,2,15,0,NA,2,0,NA,NA,0
"188","India","Not defined","2000-30",2000-07-24,8,2,6,1,NA,1,0,NA,NA,0
"189","India","Not defined","2000-31",2000-07-31,6,0,6,0,NA,0,0,NA,NA,0
"190","India","Not defined","2000-32",2000-08-07,4,0,4,0,NA,0,0,NA,NA,0
"191","India","Not defined","2000-33",2000-08-14,14,0,14,0,NA,0,0,NA,NA,0
"192","India","Not defined","2000-34",2000-08-21,1,0,1,0,NA,0,0,NA,NA,0
"193","India","Not defined","2000-35",2000-08-28,5,0,5,0,NA,0,0,NA,NA,0
"194","India","Not defined","2000-36",2000-09-04,16,0,16,0,NA,0,0,NA,NA,0
"195","India","Not defined","2000-37",2000-09-11,0,0,0,0,NA,0,0,NA,NA,0
"196","India","Not defined","2000-38",2000-09-18,4,0,4,0,NA,0,0,NA,NA,0
"197","India","Not defined","2000-39",2000-09-25,0,0,0,0,NA,0,0,NA,NA,0
"198","India","Not defined","2000-40",2000-10-02,0,0,0,0,NA,0,0,NA,NA,0
"199","India","Not defined","2000-41",2000-10-09,2,0,2,0,NA,0,0,NA,NA,0
"200","India","Not defined","2000-42",2000-10-16,1,0,1,0,NA,0,0,NA,NA,0
"201","India","Not defined","2000-43",2000-10-23,6,0,6,0,NA,0,0,NA,NA,0
"202","India","Not defined","2000-44",2000-10-30,0,0,0,0,NA,0,0,NA,NA,0
"203","India","Not defined","2000-47",2000-11-20,9,1,8,NA,NA,NA,NA,NA,NA,1
"204","India","Not defined","2001-01",2001-01-01,11,1,10,NA,NA,NA,NA,NA,NA,1
"205","India","Not defined","2001-08",2001-02-19,4,0,4,NA,NA,NA,0,NA,NA,0
"206","India","Not defined","2001-12",2001-03-19,0,0,0,NA,NA,NA,0,NA,NA,0
"207","India","Not defined","2001-16",2001-04-16,0,0,0,NA,NA,NA,0,NA,NA,0
"208","India","Not defined","2001-47",2001-11-19,0,0,0,NA,NA,NA,0,NA,NA,0
"209","India","Not defined","2001-52",2001-12-24,0,0,0,0,NA,0,0,NA,NA,0
"210","India","Not defined","2002-01",2001-12-31,11,0,11,0,NA,0,0,NA,NA,0
"211","India","Not defined","2002-02",2002-01-07,0,0,0,0,NA,0,0,NA,NA,0
"212","India","Not defined","2002-03",2002-01-14,8,0,8,0,NA,0,0,NA,NA,0
"213","India","Not defined","2002-04",2002-01-21,18,1,17,0,NA,0,0,NA,NA,1
"214","India","Not defined","2002-05",2002-01-28,16,4,12,0,NA,0,0,NA,NA,4
"215","India","Not defined","2002-06",2002-02-04,17,1,16,0,NA,0,0,NA,NA,1
"216","India","Not defined","2002-07",2002-02-11,19,2,17,0,NA,0,0,NA,NA,2
"217","India","Not defined","2002-08",2002-02-18,4,2,2,0,NA,0,0,NA,NA,2
"218","India","Not defined","2002-09",2002-02-25,8,0,8,0,NA,0,0,NA,NA,0
"219","India","Not defined","2002-10",2002-03-04,8,0,8,0,NA,0,0,NA,NA,0
"220","India","Not defined","2002-11",2002-03-11,7,0,7,0,NA,0,0,NA,NA,0
"221","India","Not defined","2002-12",2002-03-18,1,0,1,0,NA,0,0,NA,NA,0
"222","India","Not defined","2002-13",2002-03-25,41,1,40,0,NA,0,0,NA,NA,1
"223","India","Not defined","2002-14",2002-04-01,1,0,1,0,NA,0,0,NA,NA,0
"224","India","Not defined","2002-15",2002-04-08,1,0,1,0,NA,0,0,NA,NA,0
"225","India","Not defined","2002-16",2002-04-15,0,0,0,0,NA,0,0,NA,NA,0
"226","India","Not defined","2002-17",2002-04-22,0,0,0,0,NA,0,0,NA,NA,0
"227","India","Not defined","2002-18",2002-04-29,0,0,0,0,NA,0,0,NA,NA,0
"228","India","Not defined","2002-19",2002-05-06,0,0,0,0,NA,0,0,NA,NA,0
"229","India","Not defined","2002-20",2002-05-13,0,0,0,0,NA,0,0,NA,NA,0
"230","India","Not defined","2002-21",2002-05-20,0,0,0,0,NA,0,0,NA,NA,0
"231","India","Not defined","2002-22",2002-05-27,2,0,2,0,NA,0,0,NA,NA,0
"232","India","Not defined","2002-23",2002-06-03,4,0,4,0,NA,0,0,NA,NA,0
"233","India","Not defined","2002-24",2002-06-10,4,0,4,0,NA,0,0,NA,NA,0
"234","India","Not defined","2002-25",2002-06-17,0,0,0,0,NA,0,0,NA,NA,0
"235","India","Not defined","2002-26",2002-06-24,3,0,3,0,NA,0,0,NA,NA,0
"236","India","Not defined","2002-27",2002-07-01,5,0,5,0,NA,0,0,NA,NA,0
"237","India","Not defined","2002-28",2002-07-08,13,0,13,0,NA,0,0,NA,NA,0
"238","India","Not defined","2002-29",2002-07-15,13,0,13,0,NA,0,0,NA,NA,0
"239","India","Not defined","2002-30",2002-07-22,25,3,22,0,NA,0,3,NA,NA,0
"240","India","Not defined","2002-31",2002-07-29,30,6,24,0,NA,0,3,NA,NA,3
"241","India","Not defined","2002-32",2002-08-05,58,4,54,0,NA,2,1,NA,NA,1
"242","India","Not defined","2002-33",2002-08-12,35,2,33,0,NA,1,1,NA,NA,0
"243","India","Not defined","2002-34",2002-08-19,19,2,17,0,NA,1,1,NA,NA,0
"244","India","Not defined","2002-35",2002-08-26,30,2,28,0,NA,0,1,NA,NA,1
"245","India","Not defined","2002-36",2002-09-02,12,0,12,0,NA,0,0,NA,NA,0
"246","India","Not defined","2002-37",2002-09-09,15,1,14,0,NA,1,0,NA,NA,0
"247","India","Not defined","2002-38",2002-09-16,3,0,3,0,NA,0,0,NA,NA,0
"248","India","Not defined","2002-39",2002-09-23,4,0,4,0,NA,0,0,NA,NA,0
"249","India","Not defined","2002-40",2002-09-30,4,0,4,0,NA,0,0,NA,NA,0
"250","India","Not defined","2002-41",2002-10-07,0,0,0,0,NA,0,0,NA,NA,0
"251","India","Not defined","2002-42",2002-10-14,4,0,4,0,NA,0,0,NA,NA,0
"252","India","Not defined","2002-43",2002-10-21,0,0,0,0,NA,0,0,NA,NA,0
"253","India","Not defined","2002-44",2002-10-28,1,0,1,0,NA,0,0,NA,NA,0
"254","India","Not defined","2002-45",2002-11-04,4,0,4,0,NA,0,0,NA,NA,0
"255","India","Not defined","2002-46",2002-11-11,3,0,3,0,NA,0,0,NA,NA,0
"256","India","Not defined","2002-47",2002-11-18,2,0,2,0,NA,0,0,NA,NA,0
"257","India","Not defined","2003-01",2002-12-30,2,1,1,NA,NA,1,NA,NA,NA,NA
"258","India","Not defined","2003-09",2003-02-24,15,2,13,NA,NA,2,NA,NA,NA,NA
"259","India","Not defined","2003-11",2003-03-10,6,0,6,0,NA,0,0,NA,NA,0
"260","India","Not defined","2003-12",2003-03-17,25,1,24,0,NA,1,0,NA,NA,0
"261","India","Not defined","2003-13",2003-03-24,22,3,19,NA,NA,3,NA,NA,NA,NA
"262","India","Not defined","2003-14",2003-03-31,8,1,7,NA,NA,1,NA,NA,NA,NA
"263","India","Not defined","2003-16",2003-04-14,17,1,16,NA,NA,1,NA,NA,NA,NA
"264","India","Not defined","2003-23",2003-06-02,5,0,5,0,NA,0,0,NA,NA,0
"265","India","Not defined","2003-24",2003-06-09,5,0,5,0,NA,0,0,NA,NA,0
"266","India","Not defined","2003-25",2003-06-16,7,0,7,0,NA,0,0,NA,NA,0
"267","India","Not defined","2003-26",2003-06-23,6,0,6,0,NA,0,0,NA,NA,0
"268","India","Not defined","2003-27",2003-06-30,22,0,22,0,NA,0,0,NA,NA,0
"269","India","Not defined","2003-28",2003-07-07,16,0,16,0,NA,0,0,NA,NA,0
"270","India","Not defined","2003-29",2003-07-14,25,3,22,0,NA,3,0,NA,NA,0
"271","India","Not defined","2003-30",2003-07-21,68,3,65,0,NA,1,0,NA,NA,2
"272","India","Not defined","2003-31",2003-07-28,47,3,44,0,NA,2,0,NA,NA,1
"273","India","Not defined","2003-32",2003-08-04,46,3,43,0,NA,1,0,NA,NA,2
"274","India","Not defined","2003-33",2003-08-11,40,5,35,0,NA,2,0,NA,NA,3
"275","India","Not defined","2003-34",2003-08-18,60,0,60,0,NA,0,0,NA,NA,0
"276","India","Not defined","2003-35",2003-08-25,46,1,45,0,NA,0,0,NA,NA,1
"277","India","Not defined","2003-36",2003-09-01,21,1,20,0,NA,0,0,NA,NA,1
"278","India","Not defined","2003-37",2003-09-08,22,1,21,0,NA,0,0,NA,NA,1
"279","India","Not defined","2003-38",2003-09-15,17,0,17,0,NA,0,0,NA,NA,0
"280","India","Not defined","2003-39",2003-09-22,3,0,3,0,NA,0,0,NA,NA,0
"281","India","Not defined","2008-01",2007-12-31,65,4,61,0,NA,0,NA,NA,4,NA
"282","India","Not defined","2008-02",2008-01-07,106,2,104,0,NA,1,NA,1,NA,NA
"283","India","Not defined","2008-03",2008-01-14,58,0,58,0,NA,0,NA,0,0,0
"284","India","Not defined","2008-04",2008-01-21,109,1,108,0,NA,0,NA,NA,1,NA
"285","India","Not defined","2008-05",2008-01-28,106,0,106,0,NA,0,NA,0,0,0
"286","India","Not defined","2008-06",2008-02-04,120,4,116,0,NA,3,NA,1,NA,NA
"287","India","Not defined","2008-07",2008-02-11,96,4,92,1,NA,1,NA,NA,2,NA
"288","India","Not defined","2008-08",2008-02-18,112,6,106,0,NA,1,NA,3,2,NA
"289","India","Not defined","2008-09",2008-02-25,132,3,129,0,NA,3,NA,0,0,0
"290","India","Not defined","2008-10",2008-03-03,102,5,97,0,NA,2,NA,NA,3,NA
"291","India","Not defined","2008-11",2008-03-10,80,4,76,0,NA,4,NA,0,0,0
"292","India","Not defined","2008-12",2008-03-17,63,1,62,0,NA,1,NA,0,0,0
"293","India","Not defined","2008-13",2008-03-24,65,10,55,1,NA,4,NA,NA,3,2
"294","India","Not defined","2008-14",2008-03-31,73,10,63,0,NA,3,NA,NA,7,NA
"295","India","Not defined","2008-15",2008-04-07,63,3,60,0,NA,1,NA,NA,2,NA
"296","India","Not defined","2008-16",2008-04-14,41,4,37,1,NA,0,NA,NA,2,1
"297","India","Not defined","2008-17",2008-04-21,76,3,73,0,NA,0,NA,NA,3,NA
"298","India","Not defined","2008-18",2008-04-28,47,2,45,0,NA,2,NA,0,0,0
"299","India","Not defined","2008-19",2008-05-05,68,2,66,0,NA,2,NA,0,0,0
"300","India","Not defined","2008-20",2008-05-12,63,2,61,0,NA,1,NA,NA,NA,1
"301","India","Not defined","2008-21",2008-05-19,60,3,57,1,NA,1,NA,NA,NA,1
"302","India","Not defined","2008-22",2008-05-26,95,2,93,0,NA,0,NA,NA,NA,2
"303","India","Not defined","2008-23",2008-06-02,81,1,80,0,NA,1,NA,0,0,0
"304","India","Not defined","2008-24",2008-06-09,96,1,95,0,NA,1,NA,0,0,0
"305","India","Not defined","2008-25",2008-06-16,103,1,102,0,NA,0,NA,NA,NA,1
"306","India","Not defined","2008-26",2008-06-23,118,3,115,0,NA,0,NA,NA,NA,3
"307","India","Not defined","2008-27",2008-06-30,139,3,136,NA,NA,3,NA,NA,NA,0
"308","India","Not defined","2008-28",2008-07-07,161,2,159,NA,NA,2,NA,NA,NA,0
"309","India","Not defined","2008-29",2008-07-14,155,7,148,0,NA,3,NA,2,2,NA
"310","India","Not defined","2008-30",2008-07-21,149,1,148,0,NA,NA,NA,1,NA,NA
"311","India","Not defined","2008-31",2008-07-28,108,0,108,0,NA,NA,NA,NA,NA,0
"312","India","Not defined","2008-32",2008-08-04,117,4,113,0,NA,NA,NA,4,NA,NA
"313","India","Not defined","2008-33",2008-08-11,79,5,74,0,NA,NA,NA,5,NA,NA
"314","India","Not defined","2008-34",2008-08-18,86,0,86,0,NA,NA,NA,NA,NA,0
"315","India","Not defined","2008-35",2008-08-25,121,0,121,0,NA,NA,NA,NA,NA,0
"316","India","Not defined","2008-36",2008-09-01,103,0,103,0,NA,NA,NA,NA,NA,0
"317","India","Not defined","2008-37",2008-09-08,52,0,52,0,NA,NA,NA,NA,NA,0
"318","India","Not defined","2008-38",2008-09-15,59,0,59,0,NA,NA,NA,NA,NA,0
"319","India","Not defined","2008-39",2008-09-22,77,0,77,0,NA,NA,NA,NA,NA,0
"320","India","Not defined","2008-40",2008-09-29,27,0,27,0,NA,NA,NA,NA,NA,0
"321","India","Not defined","2008-41",2008-10-06,23,0,23,0,NA,NA,NA,NA,NA,0
"322","India","Not defined","2008-42",2008-10-13,30,0,30,0,NA,NA,NA,NA,NA,0
"323","India","Not defined","2008-43",2008-10-20,5,0,5,0,NA,NA,NA,NA,NA,0
"324","India","Not defined","2008-44",2008-10-27,10,0,10,0,NA,NA,NA,NA,NA,0
"325","India","Not defined","2008-45",2008-11-03,30,0,30,0,NA,NA,NA,NA,NA,0
"326","India","Not defined","2009-01",2008-12-29,76,0,76,0,NA,NA,NA,NA,NA,0
"327","India","Not defined","2009-02",2009-01-05,57,0,57,NA,NA,NA,NA,NA,0,0
"328","India","Not defined","2009-03",2009-01-12,53,0,53,NA,NA,NA,NA,NA,0,0
"329","India","Not defined","2009-04",2009-01-19,69,0,69,NA,NA,NA,NA,NA,0,0
"330","India","Not defined","2009-05",2009-01-26,64,0,64,NA,NA,NA,NA,NA,0,0
"331","India","Not defined","2009-06",2009-02-02,74,0,74,NA,NA,NA,NA,NA,0,0
"332","India","Not defined","2009-07",2009-02-09,62,0,62,NA,NA,NA,NA,NA,0,0
"333","India","Not defined","2009-08",2009-02-16,68,0,68,NA,NA,NA,NA,NA,0,0
"334","India","Not defined","2009-09",2009-02-23,51,1,50,1,NA,NA,NA,NA,NA,0
"335","India","Not defined","2009-10",2009-03-02,67,1,66,1,NA,NA,NA,NA,NA,0
"336","India","Not defined","2009-11",2009-03-09,37,0,37,NA,NA,NA,NA,NA,0,0
"337","India","Not defined","2009-12",2009-03-16,13,0,13,NA,NA,NA,NA,NA,0,0
"338","India","Not defined","2009-13",2009-03-23,14,0,14,NA,NA,NA,NA,NA,0,0
"339","India","Not defined","2009-25",2009-06-15,174,25,149,2,13,10,0,0,0,0
"340","India","Not defined","2009-26",2009-06-22,150,26,124,0,9,17,0,0,0,0
"341","India","Not defined","2009-27",2009-06-29,181,35,146,3,18,14,0,0,0,0
"342","India","Not defined","2009-28",2009-07-06,153,37,116,3,23,11,0,0,0,0
"343","India","Not defined","2009-29",2009-07-13,204,44,160,0,27,17,0,0,0,0
"344","India","Not defined","2009-30",2009-07-20,226,70,156,4,45,21,0,0,0,0
"345","India","Not defined","2009-31",2009-07-27,284,88,196,2,67,19,0,0,0,0
"346","India","Not defined","2009-32",2009-08-03,784,288,496,8,209,71,0,0,0,0
"347","India","Not defined","2009-33",2009-08-10,2540,905,1635,41,713,151,0,0,0,0
"348","India","Not defined","2009-34",2009-08-17,1441,448,993,33,292,123,0,0,0,0
"349","India","Not defined","2009-35",2009-08-24,1048,244,804,27,149,68,0,0,0,0
"350","India","Not defined","2009-36",2009-08-31,821,198,623,15,113,70,0,0,0,0
"351","India","Not defined","2009-37",2009-09-07,810,218,592,18,166,34,0,0,0,0
"352","India","Not defined","2009-38",2009-09-14,1176,328,848,9,279,39,0,0,0,1
"353","India","Not defined","2009-39",2009-09-21,1227,346,881,10,318,18,0,0,0,0
"354","India","Not defined","2009-40",2009-09-28,944,242,702,3,224,14,0,0,0,1
"355","India","Not defined","2009-41",2009-10-05,992,203,789,8,176,19,0,0,0,0
"356","India","Not defined","2009-42",2009-10-12,766,166,600,5,146,14,0,0,0,1
"357","India","Not defined","2009-43",2009-10-19,720,120,600,5,105,10,0,0,0,0
"358","India","Not defined","2009-44",2009-10-26,672,85,587,1,80,4,0,0,0,0
"359","India","Not defined","2009-45",2009-11-02,672,87,585,0,85,2,0,0,0,0
"360","India","Not defined","2009-46",2009-11-09,483,74,409,1,68,5,0,0,0,0
"361","India","Not defined","2009-47",2009-11-16,536,103,433,0,103,0,0,0,0,0
"362","India","Not defined","2009-48",2009-11-23,435,122,313,0,122,0,0,0,0,0
"363","India","Not defined","2009-49",2009-11-30,498,120,378,0,120,0,0,0,0,0
"364","India","Not defined","2009-50",2009-12-07,638,136,502,0,136,0,0,0,0,0
"365","India","Not defined","2009-51",2009-12-14,595,146,449,0,146,0,0,0,0,0
"366","India","Not defined","2009-52",2009-12-21,548,126,422,0,126,0,0,0,0,0
"367","India","Not defined","2010-01",2010-01-04,623,120,503,0,118,0,0,0,0,2
"368","India","Not defined","2010-02",2010-01-11,620,128,492,2,121,1,0,0,0,4
"369","India","Not defined","2010-03",2010-01-18,622,134,488,0,125,0,0,0,0,9
"370","India","Not defined","2010-04",2010-01-25,545,108,437,0,104,1,0,0,0,3
"371","India","Not defined","2010-05",2010-02-01,627,131,496,0,128,0,0,0,0,3
"372","India","Not defined","2010-06",2010-02-08,638,127,511,0,122,0,0,0,0,5
"373","India","Not defined","2010-07",2010-02-15,590,112,478,0,106,0,0,0,0,6
"374","India","Not defined","2010-08",2010-02-22,593,105,488,0,101,0,0,0,0,4
"375","India","Not defined","2010-09",2010-03-01,533,110,423,0,108,0,0,0,0,2
"376","India","Not defined","2010-10",2010-03-08,402,95,307,0,90,0,0,1,0,4
"377","India","Not defined","2010-11",2010-03-15,408,76,332,0,74,0,0,0,0,2
"378","India","Not defined","2010-12",2010-03-22,419,72,347,0,65,0,0,3,0,4
"379","India","Not defined","2010-13",2010-03-29,349,66,283,0,60,0,0,2,0,4
"380","India","Not defined","2010-14",2010-04-05,439,95,344,0,93,0,0,0,0,2
"381","India","Not defined","2010-15",2010-04-12,306,60,246,0,58,0,0,2,0,0
"382","India","Not defined","2010-16",2010-04-19,265,35,230,0,28,0,0,0,0,7
"383","India","Not defined","2010-17",2010-04-26,220,35,185,0,32,0,0,0,0,3
"384","India","Not defined","2010-18",2010-05-03,263,47,216,0,43,0,0,0,0,4
"385","India","Not defined","2010-19",2010-05-10,264,39,225,0,29,0,0,0,0,10
"386","India","Not defined","2010-20",2010-05-17,197,26,171,0,22,0,0,0,0,4
"387","India","Not defined","2010-21",2010-05-24,158,28,130,0,16,0,0,0,0,12
"388","India","Not defined","2010-22",2010-05-31,132,38,94,0,14,0,0,0,0,24
"389","India","Not defined","2010-23",2010-06-07,180,24,156,0,14,0,0,0,0,10
"390","India","Not defined","2010-24",2010-06-14,175,22,153,0,17,0,0,0,0,5
"391","India","Not defined","2010-25",2010-06-21,269,45,224,0,35,0,0,0,0,10
"392","India","Not defined","2010-26",2010-06-28,375,68,307,0,54,0,0,0,0,14
"393","India","Not defined","2010-27",2010-07-05,429,97,332,0,94,0,0,0,0,3
"394","India","Not defined","2010-28",2010-07-12,529,111,418,0,104,0,0,0,0,7
"395","India","Not defined","2010-29",2010-07-19,698,232,466,0,232,0,0,0,0,0
"396","India","Not defined","2010-30",2010-07-26,935,317,618,0,310,1,0,0,0,6
"397","India","Not defined","2010-31",2010-08-02,1310,436,874,0,428,5,0,0,0,3
"398","India","Not defined","2010-32",2010-08-09,1422,513,909,0,491,13,0,0,0,9
"399","India","Not defined","2010-33",2010-08-16,1497,453,1044,0,422,22,0,0,0,9
"400","India","Not defined","2010-34",2010-08-23,1414,425,989,0,389,25,0,0,0,11
"401","India","Not defined","2010-35",2010-08-30,1297,310,987,0,286,20,0,0,0,4
"402","India","Not defined","2010-36",2010-09-06,1033,218,815,0,204,3,0,0,0,11
"403","India","Not defined","2010-37",2010-09-13,1015,165,850,0,161,1,0,0,0,3
"404","India","Not defined","2010-38",2010-09-20,827,93,734,0,91,0,0,0,0,2
"405","India","Not defined","2010-39",2010-09-27,634,53,581,0,49,0,0,0,0,4
"406","India","Not defined","2010-40",2010-10-04,420,15,405,0,15,0,0,0,0,0
"407","India","Not defined","2010-41",2010-10-11,358,11,347,0,10,0,0,0,0,1
"408","India","Not defined","2010-42",2010-10-18,245,3,242,0,0,0,0,0,0,3
"409","India","Not defined","2010-43",2010-10-25,192,13,179,0,8,0,0,0,0,5
"410","India","Not defined","2010-44",2010-11-01,163,5,158,0,3,0,0,0,0,2
"411","India","Not defined","2010-45",2010-11-08,127,0,127,0,0,0,0,0,0,0
"412","India","Not defined","2010-46",2010-11-15,117,1,116,0,0,0,0,0,0,1
"413","India","Not defined","2010-47",2010-11-22,108,1,107,0,0,0,0,0,0,1
"414","India","Not defined","2010-48",2010-11-29,101,3,98,0,0,0,0,0,0,3
"415","India","Not defined","2010-49",2010-12-06,86,1,85,0,0,0,0,0,0,1
"416","India","Not defined","2010-50",2010-12-13,9,0,9,0,0,0,0,0,0,0
"417","India","Not defined","2011-01",2011-01-03,201,6,195,0,5,0,0,0,0,1
"418","India","Not defined","2011-02",2011-01-10,165,7,158,0,5,0,0,0,0,2
"419","India","Not defined","2011-03",2011-01-17,238,20,218,0,14,6,0,0,0,0
"420","India","Not defined","2011-04",2011-01-24,216,19,197,0,10,0,0,0,0,9
"421","India","Not defined","2011-05",2011-01-31,205,19,186,0,13,2,0,0,0,4
"422","India","Not defined","2011-06",2011-02-07,143,8,135,0,7,0,0,0,0,1
"423","India","Not defined","2011-07",2011-02-14,137,22,115,0,20,0,0,0,0,2
"424","India","Not defined","2011-08",2011-02-21,219,15,204,0,9,2,0,0,0,4
"425","India","Not defined","2011-09",2011-02-28,148,12,136,0,8,1,0,0,0,3
"426","India","Not defined","2011-10",2011-03-07,157,11,146,0,8,0,0,0,0,3
"427","India","Not defined","2011-11",2011-03-14,176,13,163,0,8,1,0,0,0,4
"428","India","Not defined","2011-12",2011-03-21,135,10,125,0,1,0,0,0,0,9
"429","India","Not defined","2011-13",2011-03-28,112,6,106,0,0,0,0,0,0,6
"430","India","Not defined","2011-14",2011-04-04,122,3,119,0,3,0,0,0,0,0
"431","India","Not defined","2011-15",2011-04-11,133,6,127,0,1,0,0,0,0,5
"432","India","Not defined","2011-16",2011-04-18,117,2,115,0,1,1,0,0,0,0
"433","India","Not defined","2011-17",2011-04-25,132,0,132,0,0,0,0,0,0,0
"434","India","Not defined","2011-18",2011-05-02,119,2,117,0,0,0,0,0,0,2
"435","India","Not defined","2011-19",2011-05-09,135,1,134,0,1,0,0,0,0,0
"436","India","Not defined","2011-20",2011-05-16,96,2,94,0,0,1,0,0,0,1
"437","India","Not defined","2011-21",2011-05-23,121,7,114,0,5,2,0,0,0,0
"438","India","Not defined","2011-22",2011-05-30,122,16,106,0,3,8,0,0,0,5
"439","India","Not defined","2011-23",2011-06-06,120,29,91,0,1,20,0,0,0,8
"440","India","Not defined","2011-24",2011-06-13,149,25,124,0,0,25,0,0,0,0
"441","India","Not defined","2011-25",2011-06-20,199,51,148,0,1,50,0,0,0,0
"442","India","Not defined","2011-26",2011-06-27,220,52,168,0,3,48,0,0,0,1
"443","India","Not defined","2011-27",2011-07-04,350,138,212,0,63,75,0,0,0,0
"444","India","Not defined","2011-28",2011-07-11,242,57,185,0,6,49,0,0,0,2
"445","India","Not defined","2011-29",2011-07-18,314,66,248,0,6,59,0,0,0,1
"446","India","Not defined","2011-30",2011-07-25,292,77,215,0,3,71,0,0,0,3
"447","India","Not defined","2011-31",2011-08-01,274,57,217,0,4,49,0,0,0,4
"448","India","Not defined","2011-32",2011-08-08,248,37,211,0,1,31,0,0,0,5
"449","India","Not defined","2011-33",2011-08-15,196,30,166,0,6,19,0,0,0,5
"450","India","Not defined","2011-34",2011-08-22,205,29,176,0,4,16,0,0,0,9
"451","India","Not defined","2011-35",2011-08-29,148,17,131,0,3,9,0,0,0,5
"452","India","Not defined","2011-36",2011-09-05,169,10,159,0,1,3,0,0,0,6
"453","India","Not defined","2011-37",2011-09-12,211,34,177,0,4,7,0,0,0,23
"454","India","Not defined","2011-38",2011-09-19,214,25,189,0,0,4,0,0,0,21
"455","India","Not defined","2011-39",2011-09-26,207,27,180,0,0,7,0,0,0,20
"456","India","Not defined","2011-40",2011-10-03,134,19,115,0,0,3,0,0,0,16
"457","India","Not defined","2011-41",2011-10-10,219,26,193,0,0,1,0,0,0,25
"458","India","Not defined","2011-42",2011-10-17,229,35,194,0,1,0,0,0,0,34
"459","India","Not defined","2011-43",2011-10-24,149,23,126,0,0,3,0,0,0,20
"460","India","Not defined","2011-44",2011-10-31,267,30,237,0,1,6,0,0,0,23
"461","India","Not defined","2011-45",2011-11-07,167,28,139,0,0,7,0,0,0,21
"462","India","Not defined","2011-46",2011-11-14,277,36,241,0,0,6,0,0,0,30
"463","India","Not defined","2011-47",2011-11-21,210,27,183,0,0,6,0,0,0,21
"464","India","Not defined","2011-48",2011-11-28,264,29,235,0,0,16,0,0,0,13
"465","India","Not defined","2011-49",2011-12-05,208,28,180,0,0,14,0,0,0,14
"466","India","Not defined","2011-50",2011-12-12,230,40,190,0,0,20,0,0,0,20
"467","India","Not defined","2011-51",2011-12-19,225,32,193,0,0,10,0,0,0,22
"468","India","Not defined","2011-52",2011-12-26,147,33,114,0,0,10,0,0,0,23
"469","India","Not defined","2012-01",2012-01-02,199,33,166,0,1,11,0,0,0,21
"470","India","Not defined","2012-02",2012-01-09,246,26,220,0,0,11,0,1,0,14
"471","India","Not defined","2012-03",2012-01-16,239,31,208,0,2,18,0,3,0,8
"472","India","Not defined","2012-04",2012-01-23,226,20,206,0,0,6,0,1,0,13
"473","India","Not defined","2012-05",2012-01-30,275,31,244,0,1,16,0,0,0,14
"474","India","Not defined","2012-06",2012-02-06,215,16,199,0,1,7,0,0,0,8
"475","India","Not defined","2012-07",2012-02-13,215,17,198,0,0,6,0,0,0,11
"476","India","Not defined","2012-08",2012-02-20,222,30,192,0,4,10,0,0,0,16
"477","India","Not defined","2012-09",2012-02-27,213,22,191,0,2,6,0,0,0,14
"478","India","Not defined","2012-10",2012-03-05,212,27,185,0,10,4,0,0,0,13
"479","India","Not defined","2012-11",2012-03-12,328,67,261,0,28,4,0,6,0,29
"480","India","Not defined","2012-12",2012-03-19,504,115,389,0,75,4,0,13,1,22
"481","India","Not defined","2012-13",2012-03-26,589,141,448,0,100,1,0,1,0,39
"482","India","Not defined","2012-14",2012-04-02,498,99,399,0,49,15,0,0,0,35
"483","India","Not defined","2012-15",2012-04-09,543,92,451,0,41,1,0,4,0,46
"484","India","Not defined","2012-16",2012-04-16,411,51,360,0,29,1,0,4,1,16
"485","India","Not defined","2012-17",2012-04-23,416,36,380,0,15,2,0,0,0,19
"486","India","Not defined","2012-18",2012-04-30,360,33,327,0,18,0,0,1,0,14
"487","India","Not defined","2012-19",2012-05-07,315,28,287,0,17,0,0,3,0,8
"488","India","Not defined","2012-20",2012-05-14,396,31,365,0,20,0,0,0,0,11
"489","India","Not defined","2012-21",2012-05-21,402,28,374,0,15,0,0,1,0,12
"490","India","Not defined","2012-22",2012-05-28,255,28,227,0,8,0,0,0,0,20
"491","India","Not defined","2012-23",2012-06-04,227,24,203,0,14,0,0,2,0,8
"492","India","Not defined","2012-24",2012-06-11,305,30,275,0,12,0,0,1,0,17
"493","India","Not defined","2012-25",2012-06-18,318,26,292,0,9,0,0,0,0,17
"494","India","Not defined","2012-26",2012-06-25,300,23,277,0,15,0,0,0,0,8
"495","India","Not defined","2012-27",2012-07-02,511,56,455,0,29,0,0,0,2,25
"496","India","Not defined","2012-28",2012-07-09,419,36,383,0,9,1,0,0,1,25
"497","India","Not defined","2012-29",2012-07-16,348,48,300,0,16,0,0,0,0,32
"498","India","Not defined","2012-30",2012-07-23,390,53,337,0,22,0,0,0,3,28
"499","India","Not defined","2012-31",2012-07-30,419,62,357,0,34,1,0,0,0,27
"500","India","Not defined","2012-32",2012-08-06,357,53,304,0,17,1,0,0,1,34
"501","India","Not defined","2012-33",2012-08-13,449,75,374,0,37,0,0,0,5,33
"502","India","Not defined","2012-34",2012-08-20,472,95,377,0,43,1,0,1,5,45
"503","India","Not defined","2012-35",2012-08-27,568,132,436,0,62,2,0,0,5,63
"504","India","Not defined","2012-36",2012-09-03,557,160,397,0,72,0,0,0,6,82
"505","India","Not defined","2012-37",2012-09-10,600,150,450,0,68,0,0,0,2,80
"506","India","Not defined","2012-38",2012-09-17,614,160,454,0,84,0,0,0,0,76
"507","India","Not defined","2012-39",2012-09-24,629,144,485,0,61,0,0,0,0,83
"508","India","Not defined","2012-40",2012-10-01,480,101,379,0,60,0,0,0,0,41
"509","India","Not defined","2012-41",2012-10-08,580,133,447,0,81,1,0,0,1,50
"510","India","Not defined","2012-42",2012-10-15,523,72,451,0,42,0,0,0,0,30
"511","India","Not defined","2012-43",2012-10-22,362,55,307,0,36,1,0,0,0,18
"512","India","Not defined","2012-44",2012-10-29,476,72,404,0,53,0,0,0,0,19
"513","India","Not defined","2012-45",2012-11-05,470,64,406,0,49,1,0,0,0,14
"514","India","Not defined","2012-46",2012-11-12,340,63,277,0,43,1,0,0,0,19
"515","India","Not defined","2012-47",2012-11-19,354,34,320,0,26,1,0,0,0,7
"516","India","Not defined","2012-48",2012-11-26,327,31,296,0,19,3,0,0,0,9
"517","India","Not defined","2012-49",2012-12-03,369,18,351,0,9,2,0,0,0,7
"518","India","Not defined","2012-50",2012-12-10,309,24,285,0,9,5,0,0,0,10
"519","India","Not defined","2012-51",2012-12-17,169,11,158,0,4,1,0,0,0,6
"520","India","Not defined","2012-52",2012-12-24,208,16,192,0,9,1,0,0,0,6
"521","India","Not defined","2013-01",2012-12-31,311,35,276,0,23,0,0,0,0,12
"522","India","Not defined","2013-02",2013-01-07,287,34,253,0,21,3,0,0,0,10
"523","India","Not defined","2013-03",2013-01-14,273,30,243,0,18,2,0,0,1,9
"524","India","Not defined","2013-04",2013-01-21,216,18,198,0,16,1,0,0,0,1
"525","India","Not defined","2013-05",2013-01-28,262,36,226,0,23,2,0,0,0,11
"526","India","Not defined","2013-06",2013-02-04,260,40,220,0,27,6,0,0,1,6
"527","India","Not defined","2013-07",2013-02-11,314,61,253,0,35,5,0,0,0,21
"528","India","Not defined","2013-08",2013-02-18,301,52,249,0,31,9,0,0,0,12
"529","India","Not defined","2013-09",2013-02-25,309,62,247,0,30,22,0,0,1,9
"530","India","Not defined","2013-10",2013-03-04,356,63,293,0,27,29,0,0,1,6
"531","India","Not defined","2013-11",2013-03-11,367,91,276,0,36,43,0,0,1,11
"532","India","Not defined","2013-12",2013-03-18,400,90,310,0,42,43,0,0,0,5
"533","India","Not defined","2013-13",2013-03-25,313,60,253,0,29,30,0,0,0,1
"534","India","Not defined","2013-14",2013-04-01,375,75,300,0,40,26,0,0,0,9
"535","India","Not defined","2013-15",2013-04-08,346,68,278,0,19,40,0,0,0,9
"536","India","Not defined","2013-16",2013-04-15,276,48,228,0,23,22,0,0,0,3
"537","India","Not defined","2013-17",2013-04-22,236,38,198,0,11,27,0,0,0,0
"538","India","Not defined","2013-18",2013-04-29,231,34,197,0,8,26,0,0,0,0
"539","India","Not defined","2013-19",2013-05-06,190,29,161,0,4,23,0,0,0,2
"540","India","Not defined","2013-20",2013-05-13,214,41,173,0,8,33,0,0,0,0
"541","India","Not defined","2013-21",2013-05-20,195,49,146,0,1,48,0,0,0,0
"542","India","Not defined","2013-22",2013-05-27,225,35,190,0,2,33,0,0,0,0
"543","India","Not defined","2013-23",2013-06-03,180,23,157,0,2,21,0,0,0,0
"544","India","Not defined","2013-24",2013-06-10,196,36,160,0,1,35,0,0,0,0
"545","India","Not defined","2013-25",2013-06-17,159,36,123,0,2,34,0,0,0,0
"546","India","Not defined","2013-26",2013-06-24,242,58,184,0,5,53,0,0,0,0
"547","India","Not defined","2013-27",2013-07-01,251,49,202,0,3,46,0,0,0,0
"548","India","Not defined","2013-28",2013-07-08,247,72,175,0,3,69,0,0,0,0
"549","India","Not defined","2013-29",2013-07-15,231,59,172,0,7,52,0,0,0,0
"550","India","Not defined","2013-30",2013-07-22,288,69,219,0,17,49,0,0,0,3
"551","India","Not defined","2013-31",2013-07-29,342,60,282,0,20,38,0,0,0,2
"552","India","Not defined","2013-32",2013-08-05,291,40,251,0,13,27,0,0,0,0
"553","India","Not defined","2013-33",2013-08-12,326,44,282,0,11,31,0,0,0,2
"554","India","Not defined","2013-34",2013-08-19,325,37,288,0,12,24,0,0,0,1
"555","India","Not defined","2013-35",2013-08-26,344,47,297,0,22,24,0,0,0,1
"556","India","Not defined","2013-36",2013-09-02,295,25,270,0,8,12,0,0,0,5
"557","India","Not defined","2013-37",2013-09-09,268,19,249,0,15,3,0,0,0,1
"558","India","Not defined","2013-38",2013-09-16,225,17,208,0,6,4,0,0,0,7
"559","India","Not defined","2013-39",2013-09-23,254,11,243,0,4,4,0,0,0,3
"560","India","Not defined","2013-40",2013-09-30,187,6,181,0,4,1,0,0,0,1
"561","India","Not defined","2013-41",2013-10-07,181,4,177,0,4,0,0,0,0,0
"562","India","Not defined","2013-42",2013-10-14,162,7,155,0,4,1,0,0,0,2
"563","India","Not defined","2013-43",2013-10-21,239,6,233,0,2,1,0,0,0,3
"564","India","Not defined","2013-44",2013-10-28,173,6,167,0,2,1,0,0,0,3
"565","India","Not defined","2013-45",2013-11-04,150,5,145,0,0,2,0,0,0,3
"566","India","Not defined","2013-46",2013-11-11,178,4,174,0,1,1,0,0,0,2
"567","India","Not defined","2013-47",2013-11-18,197,8,189,0,0,6,0,0,0,2
"568","India","Not defined","2013-48",2013-11-25,224,14,210,0,2,10,0,0,0,2
"569","India","Not defined","2013-49",2013-12-02,187,20,167,0,1,16,0,0,0,3
"570","India","Not defined","2013-50",2013-12-09,173,14,159,0,0,12,0,0,0,2
"571","India","Not defined","2013-51",2013-12-16,214,27,187,0,0,22,0,0,0,5
"572","India","Not defined","2013-52",2013-12-23,133,18,115,0,0,15,0,0,0,3
"573","India","Not defined","2014-01",2013-12-30,139,10,129,0,0,6,0,0,0,4
"574","India","Not defined","2014-02",2014-01-06,187,8,179,0,0,5,0,0,0,3
"575","India","Not defined","2014-03",2014-01-13,164,8,156,0,2,4,0,0,0,2
"576","India","Not defined","2014-04",2014-01-20,134,10,124,0,1,4,0,0,0,5
"577","India","Not defined","2014-05",2014-01-27,179,10,169,0,1,3,0,0,0,6
"578","India","Not defined","2014-06",2014-02-03,144,13,131,0,2,3,0,0,0,8
"579","India","Not defined","2014-07",2014-02-10,127,8,119,0,2,1,0,0,0,5
"580","India","Not defined","2014-08",2014-02-17,146,3,143,0,1,0,0,0,0,2
"581","India","Not defined","2014-09",2014-02-24,182,9,173,0,0,0,0,0,0,9
"582","India","Not defined","2014-10",2014-03-03,172,15,157,0,0,0,0,0,0,15
"583","India","Not defined","2014-11",2014-03-10,164,18,146,0,5,2,0,0,0,11
"584","India","Not defined","2014-12",2014-03-17,177,9,168,0,0,0,0,0,0,9
"585","India","Not defined","2014-13",2014-03-24,191,11,180,0,0,0,0,0,0,11
"586","India","Not defined","2014-14",2014-03-31,172,11,161,0,1,0,0,0,0,10
"587","India","Not defined","2014-15",2014-04-07,136,14,122,0,0,0,0,0,0,14
"588","India","Not defined","2014-16",2014-04-14,111,14,97,0,1,3,0,0,0,10
"589","India","Not defined","2014-17",2014-04-21,179,12,167,0,0,0,0,0,0,12
"590","India","Not defined","2014-18",2014-04-28,139,16,123,0,1,3,0,0,0,12
"591","India","Not defined","2014-19",2014-05-05,164,7,157,0,0,2,0,0,0,5
"592","India","Not defined","2014-20",2014-05-12,120,9,111,0,1,4,0,0,0,4
"593","India","Not defined","2014-21",2014-05-19,145,18,127,0,1,17,0,0,0,0
"594","India","Not defined","2014-22",2014-05-26,147,10,137,0,1,8,0,0,0,1
"595","India","Not defined","2014-23",2014-06-02,146,21,125,0,1,17,0,0,0,3
"596","India","Not defined","2014-24",2014-06-09,151,19,132,0,3,15,0,0,0,1
"597","India","Not defined","2014-25",2014-06-16,168,16,152,0,3,13,0,0,0,0
"598","India","Not defined","2014-26",2014-06-23,188,43,145,0,0,41,0,0,0,2
"599","India","Not defined","2014-27",2014-06-30,176,34,142,0,4,29,0,0,0,1
"600","India","Not defined","2014-28",2014-07-07,230,56,174,0,0,50,0,0,0,6
"601","India","Not defined","2014-29",2014-07-14,162,32,130,0,2,27,0,0,0,3
"602","India","Not defined","2014-30",2014-07-21,164,37,127,0,3,23,0,0,0,11
"603","India","Not defined","2014-31",2014-07-28,182,58,124,0,5,42,0,0,0,11
"604","India","Not defined","2014-32",2014-08-04,224,53,171,0,5,38,0,0,0,10
"605","India","Not defined","2014-33",2014-08-11,206,55,151,0,3,41,0,0,0,11
"606","India","Not defined","2014-34",2014-08-18,168,46,122,0,2,32,0,0,0,12
"607","India","Not defined","2014-35",2014-08-25,178,32,146,0,1,22,0,0,0,9
"608","India","Not defined","2014-36",2014-09-01,149,30,119,0,3,13,0,0,0,14
"609","India","Not defined","2014-37",2014-09-08,89,18,71,0,4,5,0,0,0,9
"610","India","Not defined","2014-38",2014-09-15,73,13,60,0,3,3,0,0,0,7
"611","India","Not defined","2014-39",2014-09-22,81,15,66,0,1,3,0,0,0,11
"612","India","Not defined","2014-40",2014-09-29,53,10,43,0,1,0,0,0,0,9
"613","India","Not defined","2014-41",2014-10-06,68,8,60,0,0,2,0,0,0,6
"614","India","Not defined","2014-42",2014-10-13,189,18,171,0,3,8,0,0,0,7
"615","India","Not defined","2014-43",2014-10-20,75,7,68,0,1,2,0,0,0,4
"616","India","Not defined","2014-44",2014-10-27,64,4,60,0,0,0,0,0,0,4
"617","India","Not defined","2014-45",2014-11-03,78,9,69,0,4,2,0,0,0,3
"618","India","Not defined","2014-46",2014-11-10,168,15,153,0,2,2,0,0,0,11
"619","India","Not defined","2014-47",2014-11-17,55,2,53,0,1,0,0,0,0,1
"620","India","Not defined","2014-48",2014-11-24,65,1,64,0,0,0,0,0,0,1
"621","India","Not defined","2014-49",2014-12-01,62,0,62,0,0,0,0,0,0,0
"622","India","Not defined","2014-50",2014-12-08,59,3,56,0,0,2,0,0,0,1
"623","India","Not defined","2014-51",2014-12-15,53,1,52,0,1,0,0,0,0,0
"624","India","Not defined","2014-52",2014-12-22,28,1,27,0,0,0,0,0,0,1
"625","India","Not defined","2015-01",2014-12-29,24,1,23,0,1,0,0,0,0,0
"626","India","Not defined","2015-02",2015-01-05,53,6,47,0,2,0,0,0,0,4
"627","India","Not defined","2015-03",2015-01-12,71,6,65,0,4,2,0,0,0,0
"628","India","Not defined","2015-04",2015-01-19,87,17,70,0,12,4,0,0,0,1
"629","India","Not defined","2015-05",2015-01-26,121,31,90,0,18,9,0,0,0,4
"630","India","Not defined","2015-06",2015-02-02,436,127,309,0,103,15,0,0,0,9
"631","India","Not defined","2015-07",2015-02-09,815,277,538,0,260,12,0,0,0,5
"632","India","Not defined","2015-08",2015-02-16,1920,660,1260,0,626,23,0,0,0,11
"633","India","Not defined","2015-09",2015-02-23,2709,889,1820,0,853,27,0,0,0,9
"634","India","Not defined","2015-10",2015-03-02,3051,1040,2011,0,1033,5,0,0,0,2
"635","India","Not defined","2015-11",2015-03-09,2816,928,1888,0,925,3,0,0,0,0
"636","India","Not defined","2015-12",2015-03-16,2038,557,1481,0,556,1,0,0,0,0
"637","India","Not defined","2015-13",2015-03-23,1451,272,1179,0,269,1,0,0,0,2
"638","India","Not defined","2015-14",2015-03-30,682,119,563,0,118,0,0,0,0,1
"639","India","Not defined","2015-15",2015-04-06,484,66,418,0,66,0,0,0,0,0
"640","India","Not defined","2015-16",2015-04-13,306,40,266,0,39,1,0,0,0,0
"641","India","Not defined","2015-17",2015-04-20,238,32,206,0,29,0,0,0,0,3
"642","India","Not defined","2015-18",2015-04-27,172,14,158,0,14,0,0,0,0,0
"643","India","Not defined","2015-19",2015-05-04,103,6,97,0,6,0,0,0,0,0
"644","India","Not defined","2015-20",2015-05-11,91,13,78,0,13,0,0,0,0,0
"645","India","Not defined","2015-21",2015-05-18,70,8,62,0,8,0,0,0,0,0
"646","India","Not defined","2015-22",2015-05-25,54,8,46,0,8,0,0,0,0,0
"647","India","Not defined","2015-23",2015-06-01,49,1,48,0,1,0,0,0,0,0
"648","India","Not defined","2015-24",2015-06-08,70,4,66,0,4,0,0,0,0,0
"649","India","Not defined","2015-25",2015-06-15,71,2,69,0,1,0,0,0,0,1
"650","India","Not defined","2015-26",2015-06-22,68,2,66,0,2,0,0,0,0,0
"651","India","Not defined","2015-27",2015-06-29,63,2,61,0,0,2,0,0,0,0
"652","India","Not defined","2015-28",2015-07-06,59,3,56,0,1,2,0,0,0,0
"653","India","Not defined","2015-29",2015-07-13,91,3,88,0,2,0,0,0,0,1
"654","India","Not defined","2015-30",2015-07-20,53,8,45,0,3,0,0,0,0,5
"655","India","Not defined","2015-31",2015-07-27,80,8,72,0,1,0,0,0,0,7
"656","India","Not defined","2015-32",2015-08-03,105,8,97,0,7,0,0,0,0,1
"657","India","Not defined","2015-33",2015-08-10,146,19,127,0,19,0,0,0,0,0
"658","India","Not defined","2015-34",2015-08-17,159,37,122,0,34,0,0,0,0,3
"659","India","Not defined","2015-35",2015-08-24,189,60,129,0,55,0,0,0,0,5
"660","India","Not defined","2015-36",2015-08-31,224,62,162,0,60,0,0,0,0,2
"661","India","Not defined","2015-37",2015-09-07,184,55,129,0,53,0,0,0,0,2
"662","India","Not defined","2015-38",2015-09-14,227,53,174,0,49,0,0,0,0,4
"663","India","Not defined","2015-39",2015-09-21,221,65,156,0,60,0,0,0,0,5
"664","India","Not defined","2015-40",2015-09-28,204,53,151,0,48,0,0,0,0,5
"665","India","Not defined","2015-41",2015-10-05,272,76,196,0,63,0,0,0,0,13
"666","India","Not defined","2015-42",2015-10-12,183,41,142,0,34,0,0,0,0,7
"667","India","Not defined","2015-43",2015-10-19,132,26,106,0,21,2,0,0,0,3
"668","India","Not defined","2015-44",2015-10-26,146,23,123,0,16,1,0,0,0,6
"669","India","Not defined","2015-45",2015-11-02,116,11,105,0,11,0,0,0,0,0
"670","India","Not defined","2015-46",2015-11-09,58,10,48,0,10,0,0,0,0,0
"671","India","Not defined","2015-47",2015-11-16,74,9,65,0,7,1,0,0,0,1
"672","India","Not defined","2015-48",2015-11-23,28,2,26,0,2,0,0,0,0,0
"673","India","Not defined","2015-49",2015-11-30,51,5,46,0,4,0,0,0,0,1
"674","India","Not defined","2015-50",2015-12-07,57,4,53,0,3,1,0,0,0,0
"675","India","Not defined","2015-51",2015-12-14,53,1,52,0,1,0,0,0,0,0
"676","India","Not defined","2015-52",2015-12-21,38,1,37,0,1,0,0,0,0,0
"677","India","Not defined","2015-53",2015-12-28,25,3,22,0,3,0,0,0,0,0
"678","India","Not defined","2016-01",2016-01-04,45,3,42,0,0,3,0,0,0,0
"679","India","Not defined","2016-02",2016-01-11,44,3,41,0,1,1,0,0,0,1
"680","India","Not defined","2016-03",2016-01-18,29,0,29,0,0,0,0,0,0,0
"681","India","Not defined","2016-04",2016-01-25,43,4,39,0,1,3,0,0,0,0
"682","India","Not defined","2016-05",2016-02-01,58,6,52,0,4,2,0,0,0,0
"683","India","Not defined","2016-06",2016-02-08,58,16,42,0,5,8,0,0,3,0
"684","India","Not defined","2016-07",2016-02-15,49,7,42,0,4,3,0,0,0,0
"685","India","Not defined","2016-08",2016-02-22,42,5,37,0,1,3,0,0,0,1
"686","India","Not defined","2016-09",2016-02-29,31,1,30,0,1,0,0,0,0,0
"687","India","Not defined","2016-10",2016-03-07,33,1,32,0,1,0,0,0,0,0
"688","India","Not defined","2016-11",2016-03-14,52,2,50,0,2,0,0,0,0,0
"689","India","Not defined","2016-12",2016-03-21,22,1,21,0,1,0,0,0,0,0
"690","India","Not defined","2016-13",2016-03-28,26,0,26,0,0,0,0,0,0,0
"691","India","Not defined","2016-14",2016-04-04,20,3,17,0,1,2,0,0,0,0
"692","India","Not defined","2016-15",2016-04-11,33,1,32,0,1,0,0,0,0,0
"693","India","Not defined","2016-16",2016-04-18,23,2,21,0,0,1,0,0,0,1
"694","India","Not defined","2016-17",2016-04-25,18,0,18,0,0,0,0,0,0,0
"695","India","Not defined","2016-18",2016-05-02,21,1,20,0,0,1,0,0,0,0
"696","India","Not defined","2016-19",2016-05-09,18,1,17,0,1,0,0,0,0,0
"697","India","Not defined","2016-20",2016-05-16,20,0,20,0,0,0,0,0,0,0
"698","India","Not defined","2016-21",2016-05-23,14,0,14,0,0,0,0,0,0,0
"699","India","Not defined","2016-22",2016-05-30,15,1,14,0,0,1,0,0,0,0
"700","India","Not defined","2016-23",2016-06-06,15,1,14,0,0,1,0,0,0,0
"701","India","Not defined","2016-24",2016-06-13,16,4,12,0,0,3,0,1,0,0
"702","India","Not defined","2016-25",2016-06-20,26,1,25,0,0,1,0,0,0,0
"703","India","Not defined","2016-26",2016-06-27,20,0,20,0,0,0,0,0,0,0
"704","India","Not defined","2016-27",2016-07-04,26,2,24,0,0,2,0,0,0,0
"705","India","Not defined","2016-28",2016-07-11,37,9,28,0,1,7,0,1,0,0
"706","India","Not defined","2016-29",2016-07-18,46,3,43,0,0,2,0,1,0,0
"707","India","Not defined","2016-30",2016-07-25,56,3,53,0,0,0,0,0,0,3
"708","India","Not defined","2016-31",2016-08-01,51,3,48,0,0,1,0,0,0,2
"709","India","Not defined","2016-32",2016-08-08,53,0,53,0,0,0,0,0,0,0
"710","India","Not defined","2016-33",2016-08-15,40,3,37,0,1,2,0,0,0,0
"711","India","Not defined","2016-34",2016-08-22,93,8,85,0,1,1,0,4,0,2
"712","India","Not defined","2016-35",2016-08-29,28,0,28,0,0,0,0,0,0,NA
"713","India","Not defined","2016-36",2016-09-05,29,0,29,0,0,0,0,0,0,0
"714","India","Not defined","2016-37",2016-09-12,46,0,46,0,0,0,0,0,0,0
"715","India","Not defined","2016-38",2016-09-19,27,1,26,0,0,0,0,0,0,1
"716","India","Not defined","2016-39",2016-09-26,36,3,33,0,0,0,0,0,0,3
"717","India","Not defined","2016-40",2016-10-03,19,2,17,0,0,0,0,0,0,2
"718","India","Not defined","2016-43",2016-10-24,33,1,32,NA,0,0,0,NA,NA,1
"719","India","Not defined","2016-44",2016-10-31,42,4,38,NA,NA,1,NA,NA,NA,3
"720","India","Not defined","2016-45",2016-11-07,84,1,83,NA,0,0,0,NA,NA,1
"721","India","Not defined","2016-47",2016-11-21,49,1,48,NA,0,0,0,NA,NA,1
"722","India","Not defined","2016-48",2016-11-28,75,0,75,NA,0,0,0,0,0,0
"723","India","Not defined","2016-50",2016-12-12,85,3,82,NA,2,1,NA,NA,NA,NA
"724","India","Not defined","2016-51",2016-12-19,100,2,98,NA,1,0,0,NA,NA,1
"725","India","Not defined","2016-52",2016-12-26,104,2,102,NA,NA,NA,NA,NA,NA,2
"726","India","Not defined","2017-01",2017-01-02,132,7,125,NA,4,2,NA,NA,NA,1
"727","India","Not defined","2017-02",2017-01-09,321,41,280,NA,36,NA,NA,NA,NA,5
"728","India","Not defined","2017-03",2017-01-16,270,59,211,NA,47,1,NA,NA,NA,11
"729","India","Not defined","2017-04",2017-01-23,311,65,246,NA,58,NA,NA,NA,NA,7
"730","India","Not defined","2017-05",2017-01-30,383,88,295,NA,72,4,NA,NA,NA,12
"731","India","Not defined","2017-06",2017-02-06,470,99,371,NA,65,4,0,NA,NA,30
"732","India","Not defined","2017-07",2017-02-13,407,95,312,NA,68,3,NA,NA,NA,24
"733","India","Not defined","2017-08",2017-02-20,523,107,416,NA,73,4,0,1,NA,29
"734","India","Not defined","2017-09",2017-02-27,460,96,364,NA,55,6,NA,NA,NA,35
"735","India","Not defined","2017-10",2017-03-06,417,97,320,NA,66,9,NA,NA,NA,22
"736","India","Not defined","2017-12",2017-03-20,386,65,321,NA,37,9,NA,NA,NA,19
"737","India","Not defined","2017-13",2017-03-27,439,115,324,NA,74,21,NA,NA,NA,20
"738","India","Not defined","2017-14",2017-04-03,293,94,199,NA,87,6,NA,NA,NA,1
"739","India","Not defined","2017-15",2017-04-10,258,40,218,NA,31,7,NA,NA,NA,2
"740","India","Not defined","2017-16",2017-04-17,307,58,249,NA,52,NA,NA,NA,NA,6
"741","India","Not defined","2017-17",2017-04-24,369,66,303,NA,63,NA,NA,NA,NA,3
"742","India","Not defined","2017-18",2017-05-01,276,38,238,NA,36,NA,NA,NA,NA,2
"743","India","Not defined","2017-19",2017-05-08,199,30,169,NA,29,NA,NA,1,NA,NA
"744","India","Not defined","2017-20",2017-05-15,233,43,190,NA,39,4,NA,NA,NA,NA
"745","India","Not defined","2017-21",2017-05-22,267,41,226,NA,41,NA,NA,NA,NA,NA
"746","India","Not defined","2017-22",2017-05-29,172,36,136,NA,35,1,NA,NA,NA,NA
"747","India","Not defined","2017-23",2017-06-05,147,17,130,NA,17,NA,NA,NA,NA,NA
"748","India","Not defined","2017-26",2017-06-26,138,24,114,NA,24,NA,NA,NA,NA,NA
"749","India","Not defined","2017-27",2017-07-03,208,29,179,NA,29,0,0,NA,NA,NA
"750","India","Not defined","2017-28",2017-07-10,280,35,245,NA,35,NA,NA,NA,NA,NA
"751","India","Not defined","2017-29",2017-07-17,232,35,197,NA,34,1,NA,NA,NA,NA
"752","India","Not defined","2017-30",2017-07-24,279,43,236,NA,42,NA,NA,NA,NA,1
"753","India","Not defined","2017-31",2017-07-31,317,69,248,NA,69,NA,NA,NA,NA,NA
"754","India","Not defined","2017-32",2017-08-07,355,96,259,NA,94,2,NA,NA,NA,NA
"755","India","Not defined","2017-33",2017-08-14,488,107,381,NA,105,2,NA,NA,NA,NA
"756","India","Not defined","2017-35",2017-08-28,521,86,435,NA,71,15,NA,NA,NA,NA
"757","India","Not defined","2017-36",2017-09-04,517,82,435,NA,74,8,NA,NA,NA,NA
"758","India","Not defined","2017-37",2017-09-11,375,63,312,NA,47,15,NA,NA,NA,1
"759","India","Not defined","2017-38",2017-09-18,334,40,294,NA,22,18,NA,NA,NA,NA
"760","India","Not defined","2017-39",2017-09-25,332,28,304,NA,19,7,NA,NA,NA,2
"761","India","Not defined","2017-40",2017-10-02,488,85,403,NA,70,15,NA,NA,NA,NA
"762","India","Not defined","2017-41",2017-10-09,382,53,329,NA,45,8,NA,NA,NA,NA
"763","India","Not defined","2017-42",2017-10-16,274,45,229,NA,29,14,NA,NA,NA,2
"764","India","Not defined","2017-43",2017-10-23,384,24,360,NA,18,6,NA,NA,NA,NA
"765","India","Not defined","2017-44",2017-10-30,281,21,260,NA,13,8,NA,NA,NA,NA
"766","India","Not defined","2017-45",2017-11-06,283,31,252,NA,21,8,NA,NA,NA,2
"767","India","Not defined","2017-46",2017-11-13,324,30,294,NA,25,5,NA,NA,NA,NA
"768","India","Not defined","2017-47",2017-11-20,287,40,247,NA,31,9,NA,NA,NA,NA
"769","India","Not defined","2017-48",2017-11-27,254,35,219,NA,21,13,NA,NA,NA,1
"770","India","Not defined","2017-49",2017-12-04,207,26,181,NA,7,5,NA,NA,NA,14
"771","India","Not defined","2017-50",2017-12-11,192,22,170,NA,10,5,NA,NA,NA,7
"772","India","Not defined","2017-51",2017-12-18,177,23,154,NA,10,1,NA,NA,NA,12
"773","India","Not defined","2017-52",2017-12-25,155,18,137,NA,4,5,NA,NA,NA,9
"774","India","Not defined","2018-01",2018-01-01,526,105,421,NA,84,16,NA,NA,5,NA
"775","India","Not defined","2018-02",2018-01-08,117,13,104,NA,3,NA,NA,1,3,6
"776","India","Not defined","2018-03",2018-01-15,200,21,179,NA,3,NA,NA,1,2,15
"777","India","Not defined","2018-04",2018-01-22,183,23,160,NA,6,6,NA,1,4,6
"778","India","Not defined","2018-05",2018-01-29,211,25,186,NA,3,4,NA,NA,11,7
"779","India","Not defined","2018-06",2018-02-05,246,26,220,NA,5,5,NA,NA,6,10
"780","India","Not defined","2018-07",2018-02-12,157,17,140,NA,3,1,NA,3,7,3
"781","India","Not defined","2018-08",2018-02-19,194,27,167,NA,3,5,NA,1,12,6
"782","India","Not defined","2018-09",2018-02-26,150,11,139,NA,0,3,NA,NA,5,3
"783","India","Not defined","2018-10",2018-03-05,163,13,150,NA,1,NA,NA,NA,5,7
"784","India","Not defined","2018-11",2018-03-12,168,5,163,NA,1,NA,NA,1,2,1
"785","India","Not defined","2018-12",2018-03-19,158,10,148,NA,1,NA,NA,1,3,5
"786","India","Not defined","2018-13",2018-03-26,125,8,117,NA,1,2,NA,NA,3,2
"787","India","Not defined","2018-14",2018-04-02,119,8,111,NA,1,3,NA,NA,NA,4
"788","India","Not defined","2018-15",2018-04-09,119,7,112,NA,4,NA,NA,NA,NA,3
"789","India","Not defined","2018-16",2018-04-16,104,10,94,NA,1,NA,NA,0,1,8
"790","India","Not defined","2018-17",2018-04-23,94,3,91,NA,1,NA,NA,NA,NA,2
"791","India","Not defined","2018-18",2018-04-30,94,5,89,NA,1,NA,NA,NA,NA,4
"792","India","Not defined","2018-19",2018-05-07,101,4,97,NA,NA,NA,NA,1,1,2
"793","India","Not defined","2018-20",2018-05-14,128,1,127,NA,NA,NA,NA,NA,NA,1
"794","India","Not defined","2018-21",2018-05-21,127,3,124,NA,1,0,NA,NA,NA,2
"795","India","Not defined","2018-22",2018-05-28,126,2,124,NA,NA,NA,NA,NA,NA,2
"796","India","Not defined","2018-23",2018-06-04,103,6,97,NA,0,1,NA,NA,NA,5
"797","India","Not defined","2018-24",2018-06-11,98,2,96,NA,NA,NA,NA,NA,NA,2
"798","India","Not defined","2018-25",2018-06-18,109,1,108,NA,NA,NA,NA,NA,NA,1
"799","India","Not defined","2018-28",2018-07-09,123,1,122,NA,0,1,NA,NA,NA,NA
"800","India","Not defined","2018-29",2018-07-16,141,1,140,NA,1,NA,NA,NA,NA,NA
"801","India","Not defined","2018-30",2018-07-23,154,2,152,NA,1,NA,NA,NA,NA,1
"802","India","Not defined","2018-31",2018-07-30,151,8,143,NA,2,NA,NA,NA,NA,6
"803","India","Not defined","2018-32",2018-08-06,143,4,139,NA,2,1,NA,NA,NA,1
"804","India","Not defined","2018-33",2018-08-13,143,4,139,NA,1,NA,NA,2,NA,1
"805","India","Not defined","2018-34",2018-08-20,186,9,177,NA,7,NA,NA,1,1,NA
"806","India","Not defined","2018-35",2018-08-27,207,30,177,NA,21,4,NA,NA,1,4
"807","India","Not defined","2018-36",2018-09-03,345,78,267,NA,61,15,NA,NA,NA,2
"808","India","Not defined","2018-37",2018-09-10,409,129,280,NA,104,24,NA,NA,NA,1
"809","India","Not defined","2018-38",2018-09-17,501,146,355,NA,119,20,NA,NA,6,1
"810","India","Not defined","2018-39",2018-09-24,498,132,366,NA,116,13,NA,NA,3,NA
"811","India","Not defined","2018-40",2018-10-01,463,151,312,NA,118,29,NA,NA,4,NA
"812","India","Not defined","2018-41",2018-10-08,448,89,359,NA,80,7,NA,NA,2,NA
"813","India","Not defined","2018-42",2018-10-15,394,72,322,NA,61,8,NA,NA,3,NA
"814","India","Not defined","2018-43",2018-10-22,510,84,426,NA,74,10,NA,NA,NA,NA
"815","India","Not defined","2018-44",2018-10-29,531,102,429,NA,97,5,NA,NA,NA,NA
"816","India","Not defined","2018-45",2018-11-05,347,43,304,NA,39,3,NA,NA,1,NA
"817","India","Not defined","2018-46",2018-11-12,381,21,360,NA,15,5,NA,NA,NA,1
"818","India","Not defined","2018-47",2018-11-19,323,49,274,NA,41,7,NA,NA,NA,1
"819","India","Not defined","2018-48",2018-11-26,293,32,261,NA,30,1,NA,NA,NA,1
"820","India","Not defined","2018-49",2018-12-03,274,39,235,NA,32,4,NA,NA,3,NA
"821","India","Not defined","2018-50",2018-12-10,630,119,511,NA,82,33,NA,NA,4,NA
"822","India","Not defined","2018-51",2018-12-17,564,88,476,NA,71,15,NA,1,1,NA
"823","India","Not defined","2018-52",2018-12-24,522,91,431,NA,71,18,NA,NA,NA,2
"824","India","Not defined","2019-01",2018-12-31,1069,269,800,NA,178,86,NA,NA,5,NA
"825","India","Not defined","2019-02",2019-01-07,1855,502,1353,NA,316,182,NA,1,3,NA
"826","India","Not defined","2019-03",2019-01-14,1866,497,1369,NA,307,187,NA,NA,2,1
"827","India","Not defined","2019-04",2019-01-21,2041,605,1436,NA,365,236,NA,NA,4,NA
"828","India","Not defined","2019-05",2019-01-28,2067,673,1393,NA,490,181,NA,NA,2,NA
"829","India","Not defined","2019-06",2019-02-04,2915,747,2168,NA,534,205,NA,NA,6,2
"830","India","Not defined","2019-07",2019-02-11,3068,871,2197,NA,590,278,NA,NA,2,1
"831","India","Not defined","2019-08",2019-02-18,2800,611,2189,NA,485,121,NA,2,3,0
"832","India","Not defined","2019-09",2019-02-25,2752,618,2134,NA,515,97,NA,4,2,0
"833","India","Not defined","2019-10",2019-03-04,2182,451,1731,NA,402,46,NA,3,NA,0
"834","India","Not defined","2019-11",2019-03-11,1993,435,1558,NA,375,55,NA,3,2,0
"835","India","Not defined","2019-12",2019-03-18,1218,225,993,NA,183,28,NA,7,1,6
"836","India","Not defined","2019-13",2019-03-25,1446,258,1188,NA,222,20,NA,8,6,2
"837","India","Not defined","2019-14",2019-04-01,1123,179,944,NA,144,17,NA,9,9,NA
"838","India","Not defined","2019-15",2019-04-08,921,162,759,NA,112,20,NA,2,28,0
"839","India","Not defined","2019-16",2019-04-15,641,91,550,NA,58,27,NA,2,4,0
"840","India","Not defined","2019-17",2019-04-22,743,101,642,NA,73,11,NA,8,9,NA
"841","India","Not defined","2019-18",2019-04-29,708,62,646,NA,40,7,NA,9,5,1
"842","India","Not defined","2019-19",2019-05-06,487,57,430,NA,41,10,NA,5,0,1
"843","India","Not defined","2019-20",2019-05-13,507,63,444,NA,45,10,NA,4,0,4
"844","India","Not defined","2019-21",2019-05-20,561,73,488,NA,55,8,NA,8,1,1
"845","India","Not defined","2019-22",2019-05-27,631,73,558,NA,56,12,NA,2,NA,3
"846","India","Not defined","2019-23",2019-06-03,312,52,260,NA,25,20,NA,4,NA,3
"847","India","Not defined","2019-24",2019-06-10,565,83,482,NA,42,32,NA,8,NA,1
"848","India","Not defined","2019-25",2019-06-17,516,87,429,NA,34,36,NA,7,NA,10
"849","India","Not defined","2019-26",2019-06-24,611,125,486,NA,41,65,NA,14,0,5
"850","India","Not defined","2019-27",2019-07-01,661,166,495,NA,59,79,NA,6,0,22
"851","India","Not defined","2019-28",2019-07-08,492,93,399,NA,30,44,0,7,0,12
"852","India","Not defined","2019-29",2019-07-15,819,215,604,NA,77,83,NA,21,0,34
"853","India","Not defined","2019-30",2019-07-22,710,177,533,NA,54,51,NA,13,11,48
"854","India","Not defined","2019-31",2019-07-29,737,133,604,NA,27,42,NA,22,1,41
"855","India","Not defined","2019-32",2019-08-05,777,176,601,NA,42,76,NA,18,0,40
"856","India","Not defined","2019-33",2019-08-12,644,132,512,NA,31,63,NA,20,0,18
"857","India","Not defined","2019-34",2019-08-19,880,219,661,NA,28,104,NA,39,2,46
"858","India","Not defined","2019-35",2019-08-26,815,169,646,NA,20,79,NA,29,NA,41
"859","India","Not defined","2019-36",2019-09-02,982,196,786,NA,28,100,NA,22,NA,46
"860","India","Not defined","2019-37",2019-09-09,580,98,482,NA,12,46,NA,16,0,24
"861","India","Not defined","2019-38",2019-09-16,908,166,742,NA,33,77,NA,33,0,23
"862","India","Not defined","2019-39",2019-09-23,995,140,855,NA,29,40,NA,51,0,20
"863","India","Not defined","2019-40",2019-09-30,563,61,502,NA,12,24,NA,3,0,22
"864","India","Not defined","2019-41",2019-10-07,633,55,578,NA,9,25,NA,6,0,15
"865","India","Not defined","2019-42",2019-10-14,672,43,629,NA,6,8,NA,14,0,15
"866","India","Not defined","2019-43",2019-10-21,701,41,660,NA,6,13,NA,11,0,11
"867","India","Not defined","2019-44",2019-10-28,467,32,435,NA,5,11,NA,7,0,9
"868","India","Not defined","2019-45",2019-11-04,591,31,560,NA,9,9,0,1,0,12
"869","India","Not defined","2019-46",2019-11-11,626,29,597,NA,11,14,NA,2,NA,2
"870","India","Not defined","2019-47",2019-11-18,726,35,691,NA,8,8,NA,3,NA,16
"871","India","Not defined","2019-48",2019-11-25,677,12,665,NA,6,4,NA,NA,NA,2
"872","India","Not defined","2019-49",2019-12-02,362,7,355,NA,1,2,NA,3,NA,1
"873","India","Not defined","2019-50",2019-12-09,491,9,482,NA,3,2,NA,NA,NA,4
"874","India","Not defined","2019-51",2019-12-16,313,8,305,NA,4,1,NA,NA,NA,3
"875","India","Not defined","2019-52",2019-12-23,526,14,512,NA,7,4,NA,1,NA,2
"876","India","Not defined","2020-01",2019-12-30,387,3,384,NA,2,1,NA,NA,NA,NA
"877","India","Not defined","2020-02",2020-01-06,337,12,325,NA,10,0,NA,NA,NA,2
"878","India","Not defined","2020-03",2020-01-13,239,12,227,NA,10,0,NA,0,0,2
"879","India","Not defined","2020-05",2020-01-27,305,14,291,NA,14,NA,NA,NA,NA,NA
"880","India","Not defined","2020-06",2020-02-03,340,20,320,NA,19,1,NA,NA,NA,NA
"881","India","Not defined","2020-07",2020-02-10,620,40,580,NA,31,9,NA,NA,NA,NA
"882","India","Not defined","2020-08",2020-02-17,693,143,550,NA,84,16,NA,43,NA,NA
"883","India","Not defined","2020-09",2020-02-24,816,219,597,NA,143,27,NA,49,NA,NA
"884","India","Not defined","2020-10",2020-03-02,488,113,375,NA,78,15,NA,NA,NA,20
"885","India","Not defined","2020-11",2020-03-09,400,29,371,NA,24,1,NA,1,NA,3
"886","India","Not defined","2020-12",2020-03-16,800,14,786,NA,11,1,NA,NA,NA,2
"887","India","Not defined","2020-13",2020-03-23,1254,14,1240,NA,8,1,NA,NA,NA,5
"888","India","Not defined","2020-14",2020-03-30,1235,5,1230,NA,5,NA,NA,NA,NA,NA
"889","India","Not defined","2020-15",2020-04-06,373,1,372,NA,1,NA,NA,NA,NA,NA
"890","India","Not defined","2020-25",2020-06-15,86,0,86,NA,0,NA,NA,NA,NA,NA
"891","India","Not defined","2020-41",2020-10-05,136,3,133,NA,NA,3,NA,NA,NA,NA
"892","India","Not defined","2020-42",2020-10-12,160,1,159,NA,NA,1,NA,NA,NA,NA
"893","India","Not defined","2020-43",2020-10-19,103,1,102,NA,NA,1,NA,NA,NA,NA
"894","India","Not defined","2020-44",2020-10-26,98,4,94,NA,NA,4,NA,NA,NA,NA
"895","India","Not defined","2020-45",2020-11-02,69,1,68,NA,NA,1,NA,NA,NA,NA
"896","India","Not defined","2020-47",2020-11-16,55,1,54,NA,NA,1,NA,NA,NA,NA
"897","India","Not defined","2020-50",2020-12-07,261,1,260,NA,NA,1,NA,NA,NA,NA
"898","India","Not defined","2020-51",2020-12-14,41,1,40,NA,NA,1,NA,NA,NA,NA
"899","India","Not defined","2020-52",2020-12-21,41,1,40,NA,NA,1,NA,NA,NA,NA
"900","India","Not defined","2020-53",2020-12-28,52,2,50,NA,1,1,NA,NA,NA,NA
"901","India","Not defined","2021-02",2021-01-11,3699,13,3686,NA,1,5,NA,4,NA,3
"902","India","Not defined","2021-03",2021-01-18,3534,5,3529,NA,NA,3,NA,2,NA,NA
"903","India","Not defined","2021-05",2021-02-01,2277,1,2276,NA,NA,NA,NA,NA,NA,1
"904","India","Not defined","2021-06",2021-02-08,2271,1,2270,NA,1,NA,NA,NA,NA,NA
"905","India","Not defined","2021-08",2021-02-22,893,20,873,NA,1,19,NA,NA,NA,NA
"906","India","Not defined","2021-09",2021-03-01,936,9,927,NA,1,8,NA,NA,NA,NA
"907","India","Not defined","2021-10",2021-03-08,999,8,991,NA,NA,8,NA,NA,NA,NA
"908","India","Not defined","2021-11",2021-03-15,958,14,944,NA,NA,14,NA,NA,NA,NA
"909","India","Not defined","2021-12",2021-03-22,898,6,892,NA,NA,6,NA,NA,NA,NA
"910","India","Not defined","2021-13",2021-03-29,1219,7,1212,NA,NA,7,NA,NA,NA,NA
"911","India","Not defined","2021-14",2021-04-05,1734,16,1718,NA,NA,16,NA,NA,NA,NA
"912","India","Not defined","2021-15",2021-04-12,1520,10,1510,NA,1,9,NA,NA,NA,NA
"913","India","Not defined","2021-16",2021-04-19,2246,5,2241,NA,NA,5,NA,NA,NA,NA
"914","India","Not defined","2021-17",2021-04-26,2080,6,2074,NA,NA,5,NA,1,NA,NA
"915","India","Not defined","2021-18",2021-05-03,2779,7,2772,NA,1,6,NA,NA,NA,NA
"916","India","Not defined","2021-19",2021-05-10,2791,2,2789,NA,NA,1,NA,1,NA,NA
"917","India","Not defined","2021-20",2021-05-17,2555,10,2545,NA,2,8,NA,NA,NA,NA
"918","India","Not defined","2021-21",2021-05-24,2416,7,2409,NA,NA,7,NA,NA,NA,NA
"919","India","Not defined","2021-22",2021-05-31,2377,6,2371,NA,1,4,NA,1,NA,NA
"920","India","Not defined","2021-23",2021-06-07,1787,3,1784,NA,1,2,NA,NA,NA,NA
"921","India","Not defined","2021-24",2021-06-14,1994,4,1990,NA,4,NA,NA,NA,NA,NA
"922","India","Not defined","2021-25",2021-06-21,1861,9,1852,NA,4,5,NA,NA,NA,NA
"923","India","Not defined","2021-26",2021-06-28,2011,33,1978,NA,8,25,NA,NA,NA,NA
"924","India","Not defined","2021-27",2021-07-05,2538,55,2483,NA,2,53,NA,NA,NA,NA
"925","India","Not defined","2021-28",2021-07-12,2522,92,2430,NA,8,84,NA,NA,NA,NA
"926","India","Not defined","2021-29",2021-07-19,5433,140,5293,NA,13,126,NA,NA,NA,1
"927","India","Not defined","2021-30",2021-07-26,2719,152,2567,NA,22,130,NA,NA,NA,NA
"928","India","Not defined","2021-31",2021-08-02,2714,230,2484,NA,10,215,NA,5,NA,NA
"929","India","Not defined","2021-32",2021-08-09,202,5,197,NA,NA,5,NA,NA,NA,NA
"930","India","Not defined","2021-33",2021-08-16,135,2,133,NA,NA,2,NA,NA,NA,NA
"931","India","Not defined","2021-34",2021-08-23,51,3,48,NA,NA,2,NA,1,NA,NA
"932","India","Not defined","2021-35",2021-08-30,16,3,13,NA,1,1,NA,1,NA,NA
"933","India","Not defined","2022-02",2022-01-10,502,7,495,NA,1,5,NA,1,NA,NA
"934","India","Not defined","2022-03",2022-01-17,489,5,484,NA,NA,3,NA,2,NA,NA
"935","India","Not defined","2022-04",2022-01-24,449,1,448,NA,NA,1,NA,NA,NA,NA
"936","India","Not defined","2022-05",2022-01-31,470,1,469,NA,NA,NA,NA,1,NA,NA
"937","India","Not defined","2022-06",2022-02-07,419,1,418,NA,1,NA,NA,NA,NA,NA
"938","India","Not defined","2022-08",2022-02-21,411,1,410,NA,NA,1,NA,NA,NA,NA
"939","India","Not defined","2022-10",2022-03-07,317,2,315,NA,2,NA,NA,NA,NA,NA
"940","India","Not defined","2022-11",2022-03-14,505,3,502,NA,NA,NA,NA,NA,NA,3
"941","India","Not defined","2022-13",2022-03-28,476,2,474,NA,2,NA,NA,NA,NA,NA
"942","India","Not defined","2022-14",2022-04-04,498,2,496,NA,NA,2,NA,NA,NA,NA
"943","India","Not defined","2022-15",2022-04-11,550,4,546,NA,1,2,NA,1,NA,NA
"944","India","Not defined","2022-16",2022-04-18,379,5,374,NA,4,1,NA,NA,NA,NA
"945","India","Not defined","2022-18",2022-05-02,487,9,478,NA,6,3,NA,NA,NA,NA
"946","India","Not defined","2022-19",2022-05-09,469,15,454,NA,6,9,NA,NA,NA,NA
"947","India","Not defined","2022-20",2022-05-16,479,14,463,NA,9,5,NA,NA,NA,NA
"948","India","Not defined","2022-21",2022-05-23,516,8,508,NA,7,1,NA,NA,NA,NA
"949","India","Not defined","2022-22",2022-05-30,489,22,467,NA,11,11,NA,NA,NA,NA
"950","India","Not defined","2022-23",2022-06-06,463,13,450,NA,12,1,NA,NA,NA,NA
"951","India","Not defined","2022-24",2022-06-13,269,8,261,NA,8,NA,NA,NA,NA,NA
"952","India","Not defined","2022-25",2022-06-20,352,8,344,NA,NA,8,NA,NA,NA,NA
"953","India","Not defined","2022-26",2022-06-27,319,2,317,NA,1,1,NA,NA,NA,NA
"954","India","Not defined","2022-27",2022-07-04,456,5,451,NA,3,2,NA,NA,NA,NA
"955","India","Not defined","2022-28",2022-07-11,385,10,375,NA,6,4,NA,NA,NA,NA
"956","India","Not defined","2022-30",2022-07-25,304,14,290,NA,14,NA,NA,NA,NA,NA
"957","India","Not defined","2022-31",2022-08-01,354,27,327,NA,25,2,NA,NA,NA,NA
"958","India","Not defined","2022-32",2022-08-08,306,14,292,NA,13,1,NA,NA,NA,NA
"959","India","Not defined","2022-33",2022-08-15,242,26,216,NA,22,2,NA,NA,NA,2
"960","India","Not defined","2022-34",2022-08-22,298,36,262,NA,25,11,NA,NA,NA,NA
"961","India","Not defined","2022-35",2022-08-29,432,56,376,NA,43,3,NA,2,NA,8
"962","India","Sentinel","2021-32",2021-08-09,41,13,28,NA,1,12,NA,NA,NA,0
"963","India","Sentinel","2021-33",2021-08-16,34,6,28,NA,NA,6,NA,NA,NA,0
"964","India","Sentinel","2021-34",2021-08-23,50,17,33,NA,6,8,NA,1,NA,2
"965","India","Sentinel","2021-35",2021-08-30,67,21,46,NA,1,17,NA,1,NA,2
"966","India","Sentinel","2021-36",2021-09-06,93,16,77,NA,1,10,NA,4,NA,1
"967","India","Sentinel","2021-37",2021-09-13,131,25,106,NA,1,16,NA,8,NA,0
"968","India","Sentinel","2021-38",2021-09-20,100,18,82,NA,NA,7,NA,9,NA,2
"969","India","Sentinel","2021-39",2021-09-27,141,34,107,NA,NA,9,NA,23,NA,2
"970","India","Sentinel","2021-40",2021-10-04,99,29,70,NA,NA,2,NA,26,NA,1
"971","India","Sentinel","2021-41",2021-10-11,763,97,666,NA,1,18,NA,62,3,13
"972","India","Sentinel","2021-42",2021-10-18,588,57,531,NA,1,21,NA,32,NA,3
"973","India","Sentinel","2021-43",2021-10-25,587,44,543,NA,3,14,NA,22,NA,5
"974","India","Sentinel","2021-44",2021-11-01,575,57,518,NA,2,23,NA,25,NA,7
"975","India","Sentinel","2021-45",2021-11-08,419,30,389,NA,1,13,NA,13,NA,3
"976","India","Sentinel","2021-46",2021-11-15,454,24,430,NA,1,8,NA,11,NA,4
"977","India","Sentinel","2021-47",2021-11-22,275,14,261,NA,NA,6,NA,7,NA,1
"978","India","Sentinel","2021-48",2021-11-29,27,2,25,NA,NA,NA,NA,2,NA,0
"979","India","Sentinel","2021-49",2021-12-06,26,1,25,NA,NA,NA,NA,1,NA,0
"980","India","Sentinel","2021-50",2021-12-13,495,13,482,NA,1,3,NA,9,NA,0
"981","India","Sentinel","2021-51",2021-12-20,444,16,428,NA,2,8,NA,4,NA,2
"982","India","Sentinel","2021-52",2021-12-27,394,9,385,NA,1,2,NA,6,NA,0
"983","India","Sentinel","2022-02",2022-01-10,49,3,46,NA,NA,NA,NA,NA,NA,3
"984","India","Sentinel","2022-17",2022-04-25,28,1,27,NA,1,NA,NA,NA,NA,NA
"985","India","Sentinel","2022-18",2022-05-02,42,1,41,NA,1,NA,NA,NA,NA,NA
"986","India","Sentinel","2022-20",2022-05-16,42,1,41,NA,NA,1,NA,NA,NA,NA
"987","India","Sentinel","2022-21",2022-05-23,29,3,26,NA,3,NA,NA,NA,NA,NA
"988","India","Sentinel","2022-23",2022-06-06,37,2,35,NA,2,NA,NA,NA,NA,NA
"989","India","Sentinel","2022-24",2022-06-13,30,3,27,NA,3,NA,NA,NA,NA,NA
"990","India","Sentinel","2022-26",2022-06-27,34,2,32,NA,2,NA,NA,NA,NA,NA
"991","India","Sentinel","2022-27",2022-07-04,44,6,38,NA,5,1,NA,NA,NA,NA
"992","India","Sentinel","2022-28",2022-07-11,61,5,56,NA,5,NA,NA,NA,NA,NA
"993","India","Sentinel","2022-29",2022-07-18,84,17,67,NA,17,NA,NA,NA,NA,NA
"994","India","Sentinel","2022-30",2022-07-25,100,39,61,NA,37,2,NA,NA,NA,NA
"995","India","Sentinel","2022-31",2022-08-01,211,89,122,NA,88,1,NA,NA,NA,NA
"996","India","Sentinel","2022-32",2022-08-08,261,105,156,NA,104,1,NA,NA,NA,NA
"997","India","Sentinel","2022-33",2022-08-15,185,61,124,NA,60,1,NA,NA,NA,NA
"998","India","Sentinel","2022-34",2022-08-22,177,59,118,NA,57,2,NA,NA,NA,NA
"999","India","Sentinel","2022-35",2022-08-29,223,55,168,NA,52,3,NA,NA,NA,NA
"1000","India","Sentinel","2022-36",2022-09-05,620,105,515,NA,81,16,NA,NA,NA,8
"1001","India","Sentinel","2022-37",2022-09-12,350,33,317,NA,30,3,NA,NA,NA,NA
"1002","India","Sentinel","2022-38",2022-09-19,575,58,517,NA,52,6,NA,NA,NA,NA
"1003","India","Sentinel","2022-39",2022-09-26,410,36,374,NA,23,10,NA,NA,NA,3
"1004","India","Sentinel","2022-40",2022-10-03,324,25,299,NA,13,11,NA,1,NA,NA
"1005","India","Sentinel","2022-41",2022-10-10,342,14,328,NA,9,4,NA,1,NA,NA
"1006","India","Sentinel","2022-42",2022-10-17,371,11,360,NA,3,7,NA,1,NA,NA
"1007","India","Sentinel","2022-43",2022-10-24,391,25,366,NA,11,10,NA,4,NA,NA
"1008","India","Sentinel","2022-44",2022-10-31,200,9,191,NA,1,4,NA,2,NA,2
"1009","India","Sentinel","2022-45",2022-11-07,70,3,67,NA,NA,2,NA,1,NA,NA
"1010","India","Sentinel","2022-46",2022-11-14,283,7,276,NA,2,NA,NA,5,NA,NA
"1011","India","Sentinel","2022-47",2022-11-21,385,17,368,NA,13,3,NA,1,NA,NA
"1012","India","Sentinel","2022-48",2022-11-28,245,10,235,NA,5,4,NA,1,NA,NA
"1013","India","Sentinel","2022-49",2022-12-05,361,16,345,NA,4,6,NA,6,NA,NA
"1014","India","Sentinel","2022-50",2022-12-12,253,14,239,NA,6,6,NA,2,NA,NA
"1015","India","Sentinel","2022-51",2022-12-19,318,17,301,NA,4,11,NA,1,NA,1
"1016","India","Sentinel","2022-52",2022-12-26,327,14,313,NA,5,9,NA,NA,NA,NA
"1017","India","Sentinel","2023-01",2023-01-02,414,25,389,NA,2,21,NA,1,NA,1
"1018","India","Sentinel","2023-02",2023-01-09,481,25,456,NA,3,15,NA,6,NA,1
"1019","India","Sentinel","2023-03",2023-01-16,479,37,442,NA,3,27,NA,4,NA,3
"1020","India","Sentinel","2023-04",2023-01-23,443,45,398,NA,9,25,NA,4,NA,7
"1021","India","Sentinel","2023-05",2023-01-30,509,50,459,NA,4,38,NA,3,NA,5
"1022","India","Sentinel","2023-06",2023-02-06,409,68,341,NA,4,57,NA,4,NA,3
"1023","India","Sentinel","2023-07",2023-02-13,399,46,353,NA,0,37,NA,3,NA,6
"1024","India","Sentinel","2023-08",2023-02-20,474,64,410,NA,1,50,NA,6,NA,7
"1025","India","Sentinel","2023-09",2023-02-27,590,90,500,NA,5,64,NA,17,NA,4
"1026","India","Sentinel","2023-10",2023-03-06,529,85,444,NA,2,57,NA,15,NA,11
"1027","India","Sentinel","2023-11",2023-03-13,639,82,557,NA,1,50,NA,20,NA,11
"1028","India","Sentinel","2023-12",2023-03-20,569,45,524,NA,8,15,NA,23,NA,-1
"1029","India","Sentinel","2023-13",2023-03-27,559,51,508,NA,5,14,NA,22,NA,10
"1030","India","Sentinel","2023-14",2023-04-03,547,43,504,NA,6,16,NA,11,NA,10
"1031","India","Sentinel","2023-15",2023-04-10,749,43,706,NA,7,12,NA,23,NA,1
"1032","India","Sentinel","2023-16",2023-04-17,804,41,763,NA,12,6,1,9,NA,13
"1033","India","Sentinel","2023-17",2023-04-24,719,24,695,NA,8,5,NA,11,NA,NA
"1034","India","Sentinel","2023-18",2023-05-01,741,21,720,NA,5,4,NA,12,NA,NA
"1035","India","Sentinel","2023-19",2023-05-08,698,6,692,NA,2,2,NA,1,NA,1
"1036","India","Sentinel","2023-20",2023-05-15,707,31,676,NA,7,8,NA,14,NA,2
"1037","India","Sentinel","2023-21",2023-05-22,615,14,601,NA,3,1,NA,6,NA,4
"1038","India","Sentinel","2023-22",2023-05-29,662,23,639,NA,11,6,NA,5,NA,1
"1039","India","Sentinel","2023-23",2023-06-05,599,36,563,NA,15,6,NA,5,NA,10
"1040","India","Sentinel","2023-24",2023-06-12,584,23,561,NA,NA,5,NA,12,NA,6
"1041","India","Sentinel","2023-25",2023-06-19,520,12,508,NA,NA,2,NA,9,NA,1
"1042","India","Sentinel","2023-26",2023-06-26,550,13,537,NA,2,8,NA,3,NA,NA
"1043","India","Sentinel","2023-27",2023-07-03,639,33,606,NA,8,6,NA,12,NA,7
"1044","India","Sentinel","2023-28",2023-07-10,573,20,553,NA,3,11,NA,5,NA,1
"1045","India","Sentinel","2023-29",2023-07-17,636,38,598,NA,5,16,NA,14,NA,3
"1046","India","Sentinel","2023-30",2023-07-24,642,36,606,NA,4,24,NA,7,NA,1
"1047","India","Sentinel","2023-31",2023-07-31,601,40,561,NA,5,21,NA,14,NA,NA
"1048","India","Sentinel","2023-32",2023-08-07,714,75,639,NA,9,36,NA,30,NA,NA
"1049","India","Sentinel","2023-33",2023-08-14,714,64,650,NA,5,34,NA,23,NA,2
"1050","India","Sentinel","2023-34",2023-08-21,741,92,649,NA,20,42,NA,30,NA,NA
"1051","India","Sentinel","2023-35",2023-08-28,650,74,576,NA,7,41,NA,26,NA,NA
"1052","India","Sentinel","2023-36",2023-09-04,200,29,171,NA,1,8,NA,20,NA,NA
"1053","India","Sentinel","2023-38",2023-09-18,602,50,552,NA,11,19,NA,20,NA,NA
"1054","India","Sentinel","2023-39",2023-09-25,365,27,338,NA,8,5,NA,14,NA,NA
"1055","India","Sentinel","2023-40",2023-10-02,530,49,481,NA,18,16,NA,13,NA,2
"1056","India","Sentinel","2023-41",2023-10-09,685,83,602,NA,36,17,NA,25,NA,5
"1057","India","Sentinel","2023-42",2023-10-16,606,78,528,NA,34,20,NA,19,NA,5
"1058","India","Sentinel","2023-43",2023-10-23,518,53,465,NA,28,11,NA,12,NA,2
"1059","India","Sentinel","2023-44",2023-10-30,158,26,132,NA,10,7,NA,7,NA,2
"1060","India","Sentinel","2023-45",2023-11-06,74,8,66,NA,4,NA,NA,4,NA,NA
"1061","India","Sentinel","2023-46",2023-11-13,118,9,109,NA,3,3,NA,3,NA,NA
"1062","India","Sentinel","2023-47",2023-11-20,111,2,109,NA,1,NA,NA,1,NA,NA
"1063","India","Sentinel","2023-48",2023-11-27,128,11,117,NA,2,NA,NA,9,NA,NA
"1064","India","Sentinel","2023-49",2023-12-04,162,11,151,NA,8,NA,NA,3,NA,NA
"1065","India","Sentinel","2023-50",2023-12-11,125,8,117,NA,1,3,NA,4,NA,NA
"1066","India","Sentinel","2023-51",2023-12-18,178,9,169,NA,3,NA,NA,6,NA,NA
"1067","India","Sentinel","2023-52",2023-12-25,155,13,142,NA,3,1,NA,9,NA,NA
"1068","India","Sentinel","2024-02",2024-01-08,586,29,557,NA,11,5,NA,13,NA,NA
"1069","India","Sentinel","2024-03",2024-01-15,566,29,537,NA,12,1,NA,16,NA,NA
"1070","India","Sentinel","2024-04",2024-01-22,684,33,651,NA,15,1,NA,14,NA,3
"1071","India","Sentinel","2024-05",2024-01-29,920,25,895,NA,11,2,NA,12,NA,NA
"1072","India","Sentinel","2024-06",2024-02-05,485,21,464,NA,6,1,NA,14,NA,NA
"1073","India","Sentinel","2024-07",2024-02-12,535,34,501,NA,11,NA,NA,21,NA,2
"1074","India","Sentinel","2024-08",2024-02-19,621,42,579,NA,25,1,NA,14,NA,2
"1075","India","Sentinel","2024-09",2024-02-26,514,27,487,NA,18,NA,NA,9,NA,NA
"1076","India","Sentinel","2024-10",2024-03-04,693,37,656,NA,32,NA,NA,4,NA,1
"1077","India","Sentinel","2024-11",2024-03-11,748,30,718,NA,22,NA,NA,8,NA,NA
"1078","India","Sentinel","2024-12",2024-03-18,703,29,674,NA,16,4,NA,9,NA,NA
"1079","India","Sentinel","2024-13",2024-03-25,643,23,620,NA,18,NA,NA,5,NA,NA
"1080","India","Sentinel","2024-14",2024-04-01,662,10,652,NA,6,1,NA,3,NA,NA
"1081","India","Sentinel","2024-15",2024-04-08,604,23,581,NA,16,NA,NA,7,NA,NA
"1082","India","Sentinel","2024-16",2024-04-15,656,14,642,NA,9,1,NA,4,NA,NA
"1083","India","Sentinel","2024-17",2024-04-22,642,12,630,NA,11,NA,NA,1,NA,NA
"1084","India","Sentinel","2024-18",2024-04-29,721,7,714,NA,4,NA,NA,NA,NA,3
"1085","India","Sentinel","2024-19",2024-05-06,703,17,686,NA,10,1,NA,6,NA,NA
"1086","India","Sentinel","2024-20",2024-05-13,648,21,627,NA,20,NA,NA,1,NA,NA
"1087","India","Sentinel","2024-21",2024-05-20,609,18,591,NA,16,1,NA,NA,NA,1
"1088","India","Sentinel","2024-22",2024-05-27,576,7,569,NA,5,NA,NA,2,NA,NA
"1089","India","Sentinel","2024-23",2024-06-03,625,20,605,NA,17,NA,NA,3,NA,NA
"1090","India","Sentinel","2024-24",2024-06-10,427,13,414,NA,12,NA,NA,1,NA,NA
"1091","India","Sentinel","2024-25",2024-06-17,387,14,373,NA,13,NA,NA,1,NA,NA
"1092","India","Sentinel","2024-26",2024-06-24,442,15,427,NA,13,NA,NA,2,NA,NA
"1093","India","Sentinel","2024-27",2024-07-01,254,9,245,NA,4,NA,NA,5,NA,NA
"1094","India","Sentinel","2024-28",2024-07-08,205,18,187,NA,12,1,NA,4,NA,1
"1095","India","Sentinel","2024-29",2024-07-15,335,34,301,NA,21,7,NA,6,NA,NA
"1096","India","Sentinel","2024-30",2024-07-22,347,29,318,NA,25,1,NA,3,NA,NA
"1097","India","Sentinel","2024-31",2024-07-29,223,15,208,NA,13,1,NA,1,NA,NA
"1098","India","Sentinel","2024-32",2024-08-05,249,36,213,NA,32,3,NA,1,NA,NA
"1099","India","Sentinel","2024-33",2024-08-12,228,38,190,NA,32,4,NA,2,NA,NA
"1100","India","Sentinel","2024-34",2024-08-19,274,58,216,NA,42,9,NA,7,NA,NA
"1101","India","Sentinel","2024-35",2024-08-26,264,50,214,NA,44,5,NA,1,NA,NA
"1102","India","Sentinel","2024-36",2024-09-02,195,33,162,NA,22,7,NA,3,NA,1
"1103","India","Sentinel","2024-37",2024-09-09,157,12,145,NA,6,5,NA,1,NA,NA
